 clt_id ,clt_prov,clt_date,clt_imm_date,clt_fil,clt_lang,clt_drink,clt_child
585,1,1998-06-05,2004-04-26,1,1,0,0
457,1,1970-11-13,2003-04-25,1,1,0,1
541,2,1942-09-02,1964-07-01,2,0,1,3
212,10,1995-08-16,2008-02-24,0,0,0,0
1390,12,1967-12-06,1987-12-20,1,0,1,2
513,6,1947-01-02,1973-03-05,0,0,0,0
224,2,1974-11-21,0000-01-01,0,1,1,4
1017,3,1980-02-24,2001-10-18,2,0,0,4
942,4,1954-06-29,1973-05-01,1,0,1,0
526,13,1981-01-12,1999-05-07,2,0,0,4
1069,6,1990-07-22,2008-10-20,1,0,0,3
227,7,1940-01-19,1997-05-12,2,0,1,1
1548,6,1954-09-06,1956-05-25,1,1,0,0
678,1,1979-12-12,0000-01-01,0,0,0,4
1493,10,1965-02-23,0000-01-01,0,1,1,4
1280,2,1969-08-31,1975-02-05,1,1,0,5
1272,2,1943-09-15,1986-01-05,1,0,1,2
147,9,1979-11-02,2010-01-30,2,1,0,2
468,12,1960-08-23,2018-06-16,1,1,0,2
1494,3,1976-08-20,1986-10-12,2,1,1,4
148,9,1942-01-21,2014-12-05,2,1,1,2
293,6,1991-01-11,1998-08-28,0,1,1,5
627,12,1998-12-19,2014-01-19,2,0,1,1
546,9,1997-10-16,2004-09-14,0,0,0,5
272,9,1943-09-17,2013-01-13,2,0,1,5
1597,6,1974-06-13,2006-07-03,0,1,1,4
647,9,1984-12-15,1994-12-23,0,1,0,0
1446,6,1950-07-25,1972-02-28,0,1,0,3
306,6,1966-07-27,1990-03-01,2,0,0,1
902,6,2002-02-18,2008-12-20,2,1,1,2
151,3,1956-01-17,1984-04-09,0,0,1,3
1333,2,1996-03-25,2001-12-12,1,0,1,3
672,10,2002-11-26,2005-08-22,0,1,0,3
2,7,1950-12-25,2020-11-25,2,0,1,2
93,1,1949-02-22,0000-01-01,0,0,0,3
1524,3,1966-09-04,1993-08-13,1,0,1,1
377,11,1997-11-20,2013-08-30,1,0,0,4
784,1,1970-10-18,0000-01-01,1,0,0,1
292,10,1970-06-15,2001-10-07,0,1,0,3
118,9,1941-12-12,1943-04-22,2,1,0,3
666,4,1970-04-11,1988-07-04,0,1,1,1
713,3,1960-09-17,1961-11-16,0,1,1,5
39,3,1955-11-14,1973-02-09,2,0,1,4
670,13,1997-02-28,2013-03-15,0,0,0,3
747,4,1968-12-25,2001-03-02,1,0,0,4
1316,9,1973-08-03,2001-05-27,2,0,0,4
763,7,1996-03-16,1998-03-29,1,0,1,1
366,9,1960-06-29,1971-12-03,0,0,0,4
384,10,1962-01-24,1992-06-11,2,0,0,0
104,4,1999-07-21,2008-07-18,0,0,0,3
601,13,1953-04-08,1961-05-24,1,1,1,3
745,9,1953-05-26,1955-12-20,1,1,1,3
503,4,2002-09-02,0000-01-01,0,1,0,4
1141,13,1995-05-21,0000-01-01,2,0,1,1
709,13,1978-05-29,1983-10-05,1,0,1,5
1148,3,1974-02-12,2017-06-20,0,0,0,1
486,8,1961-07-17,1978-09-07,1,1,1,4
1389,10,1980-11-02,2008-08-05,1,0,0,3
1515,9,1945-06-08,0000-01-01,2,0,0,1
1473,6,1966-03-15,1999-10-28,1,1,0,5
1410,2,1940-12-09,2018-08-27,0,0,1,5
1522,12,1975-02-17,0000-01-01,1,0,1,3
1528,1,2002-12-11,2007-04-26,1,1,1,2
599,8,1975-03-25,1983-02-26,1,1,0,4
136,11,1984-10-19,0000-01-01,0,0,1,5
1545,2,1943-11-03,1960-11-23,2,0,0,5
393,11,1998-04-01,2003-02-02,1,0,1,0
1420,7,1941-11-13,2008-02-04,0,0,1,3
776,8,1940-05-30,2019-03-13,0,0,0,0
595,1,1990-03-11,2020-03-23,1,1,0,3
971,1,1986-04-20,0000-01-01,2,1,0,4
248,9,1980-10-10,0000-01-01,2,1,0,2
559,5,1982-03-08,2011-10-08,2,1,1,0
578,13,1977-04-29,0000-01-01,2,1,1,3
17,10,1954-07-25,1987-04-17,1,0,0,3
1444,11,1952-11-19,1988-03-25,0,1,0,4
854,11,1945-12-20,1950-09-22,0,1,1,2
552,5,1951-09-09,1954-01-06,2,1,1,3
1124,9,1979-07-08,2004-06-30,0,1,0,2
1396,5,1990-11-27,2001-08-25,1,1,1,1
722,6,1800-01-01,2020-08-01,0,1,1,1
1293,8,1990-08-28,1999-07-14,0,0,0,4
946,6,1948-06-16,1994-05-08,1,1,0,2
190,1,1990-09-17,0000-01-01,2,1,0,3
82,10,1988-06-23,2007-12-12,0,1,0,4
1002,8,1975-09-08,2004-09-29,0,1,0,3
957,12,1996-01-10,2012-07-03,2,1,1,0
701,7,1990-03-30,0000-01-01,0,0,0,1
3,3,1998-03-30,2020-11-30,0,1,1,XX
91,12,1978-04-24,2008-12-22,1,0,0,3
1434,9,2000-03-03,2013-12-20,1,0,0,4
830,7,1964-06-20,2016-09-07,0,1,1,5
125,5,1958-12-13,1976-08-27,1,1,1,2
6,4,1968-07-03,1976-05-29,0,1,1,2
673,13,1942-10-19,1958-04-13,2,0,0,3
823,8,1972-10-28,1990-10-22,2,1,0,2
915,5,1974-05-31,2017-04-05,0,1,1,4
162,2,1990-10-28,2014-02-02,1,0,1,3
1394,13,1940-04-23,2004-12-31,0,1,0,4
509,13,1990-02-19,1994-02-14,1,0,0,0
1222,9,1963-07-17,1981-07-31,0,0,0,1
1163,8,1997-10-23,2004-03-11,0,1,1,5
46,6,1981-12-29,1988-11-24,2,0,0,1
1403,10,1967-04-07,1997-10-26,1,1,0,4
1424,11,1946-04-14,1968-01-20,1,1,1,5
1073,5,2000-05-28,0000-01-01,1,0,0,0
1266,13,1991-03-05,2008-01-25,1,1,0,2
918,5,1994-10-18,1998-05-05,0,0,1,1
122,11,1964-08-31,1992-12-14,1,1,1,3
598,11,1993-07-22,2004-11-01,2,1,1,2
1324,1,1990-04-14,2013-03-26,0,1,0,3
1067,11,1988-07-19,1993-10-01,1,0,0,1
1366,2,1999-02-02,2018-01-27,2,1,1,3
929,2,1940-01-13,2015-06-30,1,0,0,0
370,5,1967-06-17,1992-05-08,0,0,1,5
1085,12,1983-08-24,2012-03-16,0,99999,0,4
999,1,1958-10-26,0000-01-01,1,1,1,0
1257,7,1972-10-24,1986-12-11,0,0,1,0
638,9,1940-03-01,1962-10-10,2,0,0,0
757,5,1997-09-09,2001-07-27,0,0,1,3
1513,7,1968-06-12,1969-09-24,0,1,0,5
806,6,1951-01-23,1981-04-18,1,1,1,1
1286,8,1983-12-13,2008-02-27,0,0,0,2
1037,9,1990-12-14,2016-02-02,0,1,1,4
1418,7,1991-05-22,1995-07-25,1,0,1,0
1429,1,1954-01-31,1955-08-07,2,0,0,3
110,3,1969-08-24,2002-02-17,0,0,1,5
1564,4,1982-08-18,2008-07-08,0,1,0,2
1097,5,1975-09-22,1992-12-26,0,1,0,1
1405,4,1967-04-22,2014-05-16,1,0,1,5
395,1,1998-05-14,0000-01-01,1,0,0,2
1311,7,1992-11-29,2019-03-23,0,1,0,4
744,7,1943-02-02,2003-02-27,2,0,1,4
778,2,1964-03-06,1981-11-02,0,0,1,3
225,13,1959-11-06,0000-01-01,2,1,1,5
133,6,1940-05-28,0000-01-01,1,1,1,0
809,11,2001-04-07,0000-01-01,1,1,0,1
62,8,1967-09-09,0000-01-01,2,1,0,4
106,6,1996-09-18,2018-03-26,0,0,1,1
108,6,1999-12-16,2011-12-03,1,1,1,3
908,8,1994-12-14,0000-01-01,0,1,0,1
1217,4,1982-01-11,0000-01-01,2,1,1,3
1074,7,1990-01-08,0000-01-01,0,99999,1,1
57,7,1943-08-26,1952-10-30,0,0,0,2
1156,13,1948-02-13,1977-07-22,2,0,0,0
1302,2,1962-01-11,1990-11-17,0,0,1,1
1225,12,1942-10-02,1947-03-18,0,0,0,5
989,4,1947-01-10,1989-01-31,1,1,1,0
103,2,1951-04-26,1993-03-03,0,0,1,0
1264,1,2001-08-03,2018-03-13,2,1,1,2
1003,9,1983-12-04,0000-01-01,2,0,0,3
237,7,1965-10-11,2018-03-15,0,0,0,1
49,1,2002-11-19,2004-06-10,2,1,1,2
625,11,1942-01-06,0000-01-01,0,0,1,1
967,6,1955-03-05,1967-06-15,0,1,0,2
524,9,1959-10-31,1961-12-31,1,0,1,0
121,7,1942-07-05,0000-01-01,2,1,0,1
217,10,1966-05-09,2010-07-01,1,0,1,3
1584,9,1970-08-02,0000-01-01,1,1,1,5
98,8,1977-09-27,1992-06-12,1,1,0,2
1173,12,1955-11-16,0000-01-01,2,1,1,2
1634,4,1976-03-25,0000-01-01,1,0,0,3
1137,3,1993-02-09,2010-12-21,2,0,1,2
101,9,1955-04-14,1976-03-24,0,1,1,4
834,2,1998-01-14,2007-06-01,2,0,0,3
609,1,1946-05-08,1947-12-30,2,0,0,0
337,9,1961-09-18,1987-10-23,2,0,0,1
940,13,1961-07-18,2018-05-08,0,0,1,3
1116,7,1943-07-01,1968-02-22,0,0,1,2
1566,5,1981-03-09,0000-01-01,0,1,0,1
302,9,1979-11-28,2010-02-25,0,1,0,1
1580,1,1999-09-04,2019-05-19,2,1,0,2
872,10,1965-03-05,0000-01-01,0,1,0,4
796,2,1982-03-10,1984-06-04,2,1,1,0
241,11,1976-08-11,2003-05-08,0,0,1,3
1082,13,1941-10-13,2010-12-03,2,0,1,3
64,11,1948-05-02,2000-09-11,2,0,1,3
1363,6,1987-05-31,2002-02-19,0,1,1,0
1289,5,1966-08-27,0000-01-01,0,1,1,4
278,3,1957-02-23,1999-09-30,2,1,0,0
1509,4,1940-03-21,1995-04-17,2,0,1,2
1537,8,1992-03-14,0000-01-01,0,1,0,5
99,2,1998-02-28,1999-04-13,1,0,1,1
1253,7,1970-01-09,2000-03-01,2,0,1,3
1292,4,1971-08-22,2000-10-21,2,0,0,4
1016,8,1944-08-13,2004-04-02,2,0,0,5
1207,6,1995-02-23,2010-05-29,1,0,1,1
416,8,1976-12-09,0000-01-01,2,0,0,3
893,7,1952-07-22,2014-11-07,2,1,1,0
415,1,1948-10-02,1998-05-19,2,1,1,4
669,13,1968-02-12,1982-02-28,1,0,1,4
1436,13,1948-01-30,2010-04-02,1,1,1,1
590,3,1960-09-27,1981-01-12,1,1,1,3
346,8,1948-07-26,0000-01-01,2,0,0,2
675,3,1992-03-17,2008-01-22,2,1,1,4
622,5,1997-09-12,2005-12-08,0,0,0,1
76,7,2001-06-10,2017-08-02,0,0,1,5
529,1,1995-06-30,0000-01-01,0,0,0,2
691,8,1951-03-15,1963-09-17,0,1,1,1
742,6,1961-10-03,0000-01-01,1,1,1,4
731,11,2000-04-09,2003-11-12,2,1,0,0
993,9,1969-05-31,2003-08-18,0,0,1,2
299,6,1975-03-27,2006-07-23,1,1,0,4
1497,3,1989-09-22,0000-01-01,2,0,1,0
1283,11,1999-02-28,0000-01-01,0,0,0,4
988,11,1964-02-08,1967-02-05,0,1,0,0
711,4,1953-02-18,1996-03-23,1,1,0,1
398,11,1941-01-19,1994-01-26,0,0,1,4
1101,5,1979-12-09,1997-08-14,2,1,1,1
584,10,1977-07-21,1996-10-15,2,1,0,2
855,4,1989-12-29,0000-01-01,0,1,0,3
1565,4,1986-12-20,2011-12-14,0,1,0,0
1414,5,1941-11-21,0000-01-01,1,0,1,5
240,13,1956-07-04,1970-11-18,1,1,0,1
749,12,1973-12-04,1990-04-14,1,0,1,1
1178,10,1961-05-11,2016-10-30,0,0,0,4
66,3,1959-01-19,1996-12-05,0,0,0,3
1416,13,1981-10-26,1999-10-08,1,1,0,4
635,9,1951-12-29,1976-12-22,0,1,1,2
1581,2,1966-10-30,0000-01-01,1,0,0,2
737,8,1961-02-19,1994-01-21,1,0,0,2
218,11,1971-02-28,0000-01-01,2,1,1,3
131,11,2001-09-21,2003-12-07,0,1,1,0
1377,5,1981-11-17,1995-07-06,1,0,1,1
936,12,1969-11-06,0000-01-01,2,0,1,3
983,5,1977-06-24,2003-08-31,0,0,1,1
443,8,1971-09-15,1981-01-18,1,1,0,0
1369,5,1945-03-11,1957-08-24,2,1,1,1
516,4,1991-12-05,2013-11-24,2,0,0,1
805,4,1946-12-05,0000-01-01,0,0,0,5
569,1,1966-01-14,2013-03-03,0,0,0,4
1449,12,1970-05-02,0000-01-01,2,1,1,3
1376,8,1985-01-27,1992-05-14,1,1,0,1
469,10,1963-09-02,1973-03-21,1,0,0,5
194,12,1946-01-10,1971-04-17,0,0,1,3
789,3,1974-06-30,1981-09-04,0,0,1,1
762,8,1942-05-01,1968-09-10,2,1,0,1
948,8,1954-02-14,2015-06-04,1,0,0,4
1309,6,1946-02-28,2013-07-09,2,1,1,4
153,8,1987-07-12,2009-08-30,2,0,0,0
170,1,1971-02-19,2000-09-17,0,0,0,5
1056,8,1954-05-19,0000-01-01,1,1,1,3
235,1,1960-02-29,0000-01-01,2,0,0,0
950,5,1991-11-09,0000-01-01,1,1,0,4
178,1,1954-07-11,0000-01-01,2,0,0,5
1367,3,1961-11-19,2005-07-13,0,1,1,4
1022,3,2002-11-07,2019-03-30,1,1,0,0
1477,4,1978-06-06,0000-01-01,2,1,0,3
637,8,1947-05-18,2017-05-12,2,0,1,0
94,13,1978-02-10,1991-08-29,1,1,1,1
359,5,1952-06-13,0000-01-01,0,1,0,4
1451,6,1979-04-26,1984-04-21,2,0,1,2
521,5,1982-03-29,1984-09-16,1,0,0,2
186,6,1972-01-22,2014-05-30,1,0,0,4
764,13,1989-02-16,1999-02-02,2,0,0,1
488,2,1991-08-19,1997-06-26,1,1,1,3
297,8,1952-08-20,1998-07-01,2,1,0,4
826,4,1982-06-21,0000-01-01,2,0,0,4
52,13,1976-05-01,1986-05-16,0,0,1,5
508,6,1942-07-19,1944-06-18,0,1,1,3
974,7,1942-08-14,0000-01-01,0,0,0,0
355,9,1957-08-20,0000-01-01,0,1,1,0
1627,7,1948-05-07,0000-01-01,1,0,0,2
1276,12,1962-11-22,1981-10-04,2,0,1,4
1467,10,1980-11-17,1984-12-05,1,0,0,5
1558,10,1946-07-07,1960-10-11,0,1,0,0
1091,13,1957-11-27,1973-08-16,1,0,0,3
1298,13,1969-12-25,1990-03-14,1,0,1,1
249,6,1992-11-02,2003-01-04,0,0,1,2
1539,3,1966-12-29,2009-05-09,2,1,1,1
1370,13,1984-02-01,2008-08-16,2,0,1,0
1256,9,1981-11-12,1989-07-30,1,0,1,3
574,10,1950-01-12,1953-12-07,1,0,1,0
750,7,1996-12-25,2011-01-23,0,0,1,5
327,5,1991-05-16,2001-05-20,1,1,1,3
1552,5,1997-01-02,2014-03-12,1,1,1,3
203,8,1951-04-22,1966-06-01,2,0,1,0
1008,5,1944-04-29,1973-10-02,2,1,1,4
128,9,1960-10-21,2014-04-28,1,1,0,1
287,10,1989-11-13,1995-01-01,0,0,0,2
588,12,1978-11-22,2001-10-27,0,1,0,3
542,10,1948-11-18,0000-01-01,0,0,0,5
707,4,1963-02-26,1990-12-04,0,1,0,4
1500,9,1989-06-22,2011-07-26,1,0,1,5
1214,6,1988-02-14,1994-09-11,1,0,1,1
1398,9,1996-09-07,1998-04-13,1,1,0,XX
535,10,1993-05-25,0000-01-01,1,1,0,2
1456,1,1800-01-01,1977-09-25,2,0,0,4
997,2,1942-03-14,2008-06-30,2,0,0,0
910,12,1946-05-07,0000-01-01,2,1,0,0
1246,11,1974-04-01,1991-12-19,2,1,1,4
1533,9,1963-03-29,2005-09-18,2,1,0,1
869,11,1967-10-16,2000-12-05,2,1,1,3
464,11,1940-05-03,1948-05-09,0,1,1,3
603,2,1960-05-08,0000-01-01,0,1,1,1
1465,6,1989-09-06,0000-01-01,0,1,0,5
783,12,1945-01-20,1950-10-25,2,1,0,2
1375,6,1992-04-30,2008-08-02,0,1,0,1
68,13,1979-03-09,1994-12-22,0,0,0,2
1106,13,1964-11-19,0000-01-01,0,0,0,2
268,10,1988-03-13,1992-04-22,0,0,1,3
612,4,1974-06-17,2010-04-23,2,0,1,0
931,1,1953-04-22,0000-01-01,0,1,0,3
189,2,1973-05-14,2019-02-24,1,1,1,2
1388,1,1966-01-25,1996-10-06,0,0,1,1
758,1,1964-01-25,2006-06-12,1,0,0,0
83,13,1988-07-02,1993-01-29,2,1,1,1
1550,2,1959-09-20,2005-01-28,0,1,1,3
538,1,1956-11-04,2020-03-31,0,0,0,0
885,8,1998-11-04,2012-05-30,2,0,0,3
1065,3,1983-02-08,1984-09-11,2,1,0,1
174,8,1952-05-17,1984-11-14,2,1,1,4
992,7,1965-08-28,1966-07-07,1,1,0,4
172,6,1997-01-14,2013-04-21,0,1,0,4
1158,4,1947-10-11,1980-04-09,2,1,0,1
1498,6,1988-10-18,0000-01-01,1,1,1,5
844,10,1980-10-22,2014-04-06,0,1,0,1
1332,4,1987-05-07,2013-07-02,2,1,1,4
335,4,1964-01-23,1972-09-17,0,1,1,5
1199,7,1987-04-14,0000-01-01,0,1,1,0
560,13,1996-11-07,1997-05-17,1,0,1,3
1099,6,1961-03-22,1965-05-07,1,1,1,4
632,10,1976-10-21,1995-09-02,2,1,0,4
1357,3,1963-12-15,2012-08-12,1,0,0,XX
466,1,1987-05-05,2018-11-12,0,1,1,5
617,10,1995-10-01,1995-11-01,1,1,1,3
941,4,1969-02-20,1975-05-30,2,1,1,0
653,11,1959-06-21,2019-06-16,0,1,1,1
215,8,1983-09-10,0000-01-01,0,0,0,3
1503,8,1975-04-02,0000-01-01,2,1,0,5
1169,8,1950-02-24,0000-01-01,1,0,1,4
1030,1,1954-08-04,2004-02-29,0,1,1,3
1087,6,2001-10-06,2009-05-11,1,0,0,3
234,7,1995-05-08,2002-03-06,1,0,0,5
1094,2,1953-10-10,1955-05-12,2,0,0,5
1201,8,1957-12-04,2003-03-25,2,0,0,1
1457,10,1950-10-20,1975-09-13,2,1,1,5
1395,7,1999-12-05,2005-03-30,1,1,0,2
452,11,1982-10-10,2013-09-19,0,1,1,5
679,1,1950-11-05,1999-07-31,1,1,1,1
188,13,1952-09-07,2017-01-02,0,0,1,2
1218,7,1941-07-27,2016-07-15,0,0,1,4
27,12,2002-10-29,2007-12-14,2,0,1,2
777,4,1945-10-30,2009-08-10,0,1,1,0
8,3,1988-03-06,1992-09-04,1,1,0,3
467,10,1990-10-16,1998-04-19,2,0,1,5
1245,8,1947-07-15,0000-01-01,2,1,1,1
1121,5,1940-05-19,1944-03-18,0,0,1,2
1288,11,1941-09-13,1991-07-22,0,1,1,5
399,6,1992-01-29,2007-06-27,1,1,1,2
291,13,1943-10-18,2018-03-07,2,1,0,5
1274,10,1962-06-02,1973-09-01,2,0,0,1
808,2,1955-06-21,0000-01-01,2,1,0,3
1046,6,1976-04-07,2002-08-16,0,1,0,4
134,9,1948-07-06,1981-09-01,1,0,0,4
406,9,1988-11-13,2020-05-03,2,1,0,0
1348,7,1951-01-06,1995-01-16,1,0,1,1
1469,7,1949-07-19,1965-09-03,1,0,0,4
944,10,1945-12-01,1950-05-27,1,1,0,0
63,1,1988-09-15,2020-07-12,2,1,1,4
264,5,1956-09-08,0000-01-01,1,0,0,3
1623,3,1958-11-23,1999-05-22,1,0,1,2
1340,6,1965-07-28,1985-01-14,1,1,1,4
1,10,1967-06-21,2018-03-13,2,1,1,4
1628,9,1967-11-24,1989-02-17,1,0,1,2
1072,10,2001-09-01,0000-01-01,1,1,1,5
339,2,1954-12-07,1974-09-04,1,0,0,XX
858,8,1974-02-16,1980-06-16,1,1,1,0
1352,3,1997-08-28,2010-08-21,0,1,0,0
1523,9,1971-09-17,1985-10-14,2,0,1,4
263,1,1957-08-25,1963-08-26,1,0,0,2
155,12,1975-12-30,1994-07-26,1,0,0,2
1432,8,1979-11-25,2011-02-22,2,0,0,1
696,11,1941-02-03,0000-01-01,0,1,0,4
251,13,1948-11-10,1970-12-01,0,1,1,0
891,9,1944-11-08,2011-08-03,2,1,1,3
1609,12,1983-01-17,2002-10-21,0,0,0,4
441,4,1980-03-12,0000-01-01,0,0,1,1
663,1,1951-11-14,0000-01-01,2,0,1,2
387,3,1996-11-17,0000-01-01,1,1,0,4
548,4,1973-03-26,1973-08-18,0,0,1,3
563,2,1944-01-10,1994-10-05,0,0,0,3
316,4,1940-06-02,2005-12-17,1,1,0,5
418,2,1987-06-03,0000-01-01,1,1,1,2
1526,2,1986-02-13,2020-08-14,2,0,1,5
1007,6,1999-05-03,2019-07-02,2,0,1,0
564,5,1983-12-26,2009-02-27,1,1,0,4
572,7,1800-01-01,2007-04-29,1,0,0,4
247,9,1956-10-07,1983-08-04,2,0,1,4
1038,5,1989-07-10,2015-06-29,2,1,0,0
220,6,1980-01-19,2019-09-23,2,0,1,0
1525,11,1950-01-03,2019-07-20,2,0,0,5
350,2,1950-11-23,2004-09-03,2,0,0,5
1019,9,1996-08-17,2006-10-22,1,0,0,2
505,1,1985-05-21,2016-08-02,0,0,0,2
1229,7,1996-09-24,2011-02-06,1,0,0,2
1228,8,1946-12-07,1976-06-10,2,1,0,2
801,4,1977-10-22,0000-01-01,0,0,1,2
631,5,1956-10-05,2001-05-16,2,1,1,2
1583,5,1981-10-03,0000-01-01,1,0,0,4
1585,2,1951-12-31,2015-05-31,0,1,1,3
163,5,1984-04-01,1998-06-20,1,0,1,1
517,9,1940-07-21,1967-04-09,0,1,1,0
1510,4,1957-10-24,1998-10-21,0,1,0,2
290,9,1961-09-27,1986-08-11,2,0,0,3
1626,6,1955-10-01,0000-01-01,0,0,0,1
1538,4,1967-08-22,2012-12-16,0,1,0,1
674,2,1945-09-26,1976-08-20,0,0,0,5
309,11,1992-04-22,2015-01-31,0,1,0,1
1015,9,1800-01-01,2015-09-08,0,0,0,0
607,5,1944-08-23,0000-01-01,0,0,1,2
1381,9,1981-09-26,2018-02-04,1,1,1,4
257,4,1997-04-05,2009-11-15,0,1,0,5
1181,9,1955-11-23,2014-03-12,0,0,1,0
800,8,1986-01-20,1991-06-01,1,1,0,0
252,8,1989-12-18,1994-10-26,1,1,0,0
29,1,1986-07-02,0000-01-01,2,1,0,3
435,10,1957-03-16,2011-03-25,2,1,1,0
1306,11,1942-03-16,1976-09-20,0,0,1,4
976,3,1987-09-18,1996-09-27,1,0,0,2
518,1,1966-02-24,1991-10-09,2,0,0,5
410,4,1961-01-29,2016-12-22,0,1,0,3
1005,6,1971-09-03,1975-03-15,1,1,1,5
1359,5,1947-07-14,1949-09-01,0,1,1,0
1616,4,1991-06-14,2019-06-15,0,1,1,3
949,9,1992-05-09,2001-05-25,1,0,0,4
73,7,1953-02-04,2011-09-07,0,1,0,2
1404,4,1978-02-04,1989-04-16,2,0,0,0
1563,10,1953-07-15,0000-01-01,1,0,1,2
900,5,1979-04-19,2019-10-06,1,0,0,3
1290,9,1971-10-04,1975-08-02,1,1,0,1
798,4,1986-11-15,2012-11-10,2,0,0,0
405,13,1993-03-21,2006-08-03,1,1,0,3
1287,11,1964-01-27,2009-03-26,1,1,0,2
605,13,2000-01-19,2016-06-05,1,0,1,2
534,7,1962-12-30,2011-06-25,1,1,0,5
430,8,1988-05-21,2011-03-25,2,1,0,4
786,3,1957-02-07,0000-01-01,1,1,1,1
879,8,1944-01-03,0000-01-01,0,1,1,4
1231,7,1946-12-04,0000-01-01,0,1,0,5
1531,10,1973-06-05,0000-01-01,1,0,0,3
1024,5,1987-08-24,2014-02-24,2,1,0,5
818,1,1998-06-06,2012-12-26,2,1,0,1
282,4,1969-11-26,1999-03-07,2,0,1,5
1499,5,1998-03-03,0000-01-01,1,1,0,0
911,13,1955-10-06,1982-12-17,1,0,0,2
497,12,1983-10-27,2007-01-13,0,1,0,4
319,5,1949-07-22,1970-11-08,2,1,0,0
100,11,1946-04-11,1992-11-25,2,1,1,4
916,10,1966-02-01,1997-07-12,2,1,1,2
1043,2,1942-11-18,1943-07-05,1,1,0,5
1349,10,1944-03-12,2016-12-31,2,1,0,4
321,5,1985-05-09,1998-11-17,1,1,1,3
848,7,1980-05-04,1985-08-15,0,1,1,5
1142,1,1958-05-31,1978-03-28,0,0,1,1
349,9,1994-04-28,2007-04-21,2,0,1,0
746,12,1952-10-23,2003-02-01,2,1,1,3
652,6,1942-02-23,2009-07-19,1,0,1,3
1486,5,1961-02-09,2005-01-02,0,0,1,4
473,6,1945-05-14,2003-08-12,1,0,0,5
111,5,1945-10-12,1972-09-22,0,1,0,1
735,2,1973-04-26,2012-07-14,2,0,1,3
554,3,1941-08-26,1953-12-06,0,0,1,5
1400,4,1990-04-21,1992-07-28,0,1,1,5
840,12,1965-11-28,1987-11-26,1,1,1,2
1064,13,1997-07-08,1998-01-26,2,0,1,4
1441,5,1977-05-23,0000-01-01,0,1,1,0
205,8,1965-11-30,0000-01-01,0,1,1,2
397,4,1966-11-29,2020-05-03,1,0,1,5
661,8,1999-12-03,2006-09-26,1,1,1,0
1068,11,1800-01-01,2008-09-19,0,1,1,3
1162,9,1989-05-17,0000-01-01,0,1,1,0
1440,10,1956-11-19,2018-02-02,2,0,1,0
780,11,1968-06-22,2011-08-16,2,0,1,5
30,7,1987-10-08,1994-04-17,1,0,1,4
841,6,1967-09-28,1989-04-14,1,0,0,1
1285,12,1964-05-27,1975-09-03,0,1,0,4
1601,13,1966-05-14,0000-01-01,1,0,1,2
140,4,1951-06-08,1994-09-23,1,1,1,4
165,4,1967-10-19,2016-11-06,0,1,1,0
1630,8,2001-05-25,2005-04-27,1,0,0,0
642,13,1995-03-16,0000-01-01,1,1,1,3
512,10,1975-10-05,1991-04-05,1,1,1,4
899,13,1950-11-16,2011-06-25,0,1,0,1
1275,8,1973-10-12,2000-06-09,2,1,1,2
1227,1,1958-12-04,1969-06-09,2,1,1,3
903,13,1977-03-28,1997-04-28,0,0,0,5
487,10,2002-09-03,2013-10-06,1,0,1,0
1487,12,1948-08-03,1981-05-08,1,0,1,2
1346,12,1949-01-24,2019-04-09,0,0,0,3
1325,10,2000-10-22,2006-04-26,0,0,0,4
668,3,1942-07-03,1994-11-03,0,0,1,5
144,5,1961-02-06,0000-01-01,1,0,1,0
1194,1,1952-10-05,0000-01-01,0,0,1,0
421,12,1947-09-06,1947-09-16,2,1,0,2
80,6,1965-09-27,1979-10-26,0,1,1,4
1437,8,1999-05-05,2007-02-08,1,0,1,2
1176,6,1994-01-01,0000-01-01,2,0,0,1
1505,3,1999-11-27,0000-01-01,1,1,1,4
756,13,1955-03-27,1998-07-21,2,1,0,0
1058,4,1979-10-22,2009-06-18,0,0,1,2
262,9,1979-12-19,2016-08-21,1,0,0,4
1150,12,1985-06-25,1986-06-25,2,0,1,0
25,1,1982-09-29,2010-02-11,1,0,1,0
1090,3,1961-01-16,1982-04-25,0,1,0,3
1224,8,1973-10-18,2012-11-02,2,0,0,3
1281,11,1958-10-15,1959-01-25,1,1,0,4
660,12,1993-12-17,2005-08-01,0,0,1,1
475,3,1984-10-25,2013-07-20,2,1,1,5
994,1,1956-06-09,1983-07-02,0,0,1,0
425,4,1968-11-07,1973-12-24,0,1,1,0
381,7,1989-03-18,0000-01-01,1,0,0,1
904,11,1979-02-12,1993-04-21,0,0,0,0
315,2,1980-11-15,1996-11-18,2,0,1,3
1059,3,2001-12-10,2005-07-23,0,0,1,5
1234,11,1963-07-10,1998-07-03,1,1,1,4
980,8,1944-12-24,1968-09-09,0,1,0,1
1221,5,1975-04-04,1997-01-06,2,1,1,5
1534,4,1977-09-30,0000-01-01,2,0,0,4
409,1,1986-08-11,2017-07-20,0,1,1,5
1243,5,1991-03-18,2019-01-18,1,0,1,2
499,8,1953-03-27,1988-03-14,2,1,0,1
937,1,1976-11-07,1978-01-04,0,0,1,1
923,9,1987-08-07,0000-01-01,0,1,0,4
656,8,1940-09-30,1957-07-14,0,1,0,2
734,12,1986-02-23,1992-08-29,1,1,1,3
232,3,1984-03-17,0000-01-01,1,0,0,5
629,2,1946-08-24,1963-12-01,1,1,0,1
24,12,2001-04-14,2002-06-20,0,0,0,0
1130,2,1945-11-25,1975-09-29,1,1,1,1
972,8,1943-09-03,1968-04-18,1,1,1,4
846,9,1968-08-02,1978-09-11,1,1,1,3
1269,8,1991-07-18,2006-08-07,2,0,1,3
1210,12,1998-04-03,2007-12-01,1,0,1,1
360,4,1985-07-28,2002-06-23,1,1,0,3
938,10,1958-04-28,1967-11-01,2,1,1,3
442,5,2001-07-23,2012-04-25,0,0,0,0
1145,11,1965-01-21,2019-08-31,2,1,1,5
367,12,1986-05-03,2018-08-19,2,1,1,0
659,7,1994-06-11,0000-01-01,2,0,1,4
1611,2,1961-07-13,0000-01-01,2,0,0,1
498,7,1999-10-29,2014-07-29,0,0,1,5
824,2,1977-10-21,2012-09-27,1,0,1,4
1146,9,1959-02-19,1998-06-14,2,1,1,2
1438,5,1966-12-18,1994-09-16,0,1,1,0
832,7,1959-02-27,1970-02-13,0,1,0,0
651,3,1981-07-19,0000-01-01,2,0,0,0
1588,5,2001-10-28,2002-11-02,1,1,1,2
803,9,1991-10-16,2019-12-18,1,1,0,5
1244,7,1962-03-23,2008-12-15,1,1,0,4
74,4,1978-08-02,2012-08-03,0,1,1,1
267,5,1974-07-28,1980-12-15,1,1,1,5
951,8,1971-12-26,0000-01-01,2,0,1,0
1304,7,1974-10-11,0000-01-01,2,1,0,5
1249,9,1983-04-14,0000-01-01,1,0,0,0
1143,12,1974-02-13,1994-12-07,2,1,0,5
286,9,1985-09-02,0000-01-01,2,1,1,3
835,4,1982-03-23,0000-01-01,2,1,0,0
1128,3,1973-08-25,1993-07-22,1,1,0,2
1166,11,1965-08-04,0000-01-01,1,1,1,2
117,1,1970-07-14,1994-04-28,2,1,0,4
300,7,1966-09-19,1974-04-09,2,0,0,5
214,6,1953-03-03,1988-12-10,1,1,0,4
1328,5,1944-08-12,2008-05-13,1,1,1,4
275,9,1993-03-29,2007-07-25,0,0,0,2
1574,4,1983-12-30,1992-09-26,2,1,1,3
1013,1,1985-03-17,0000-01-01,0,0,1,2
420,9,1974-05-09,1980-02-14,1,0,0,1
1120,4,1958-11-04,2013-10-23,1,1,0,4
184,10,1982-02-26,0000-01-01,2,1,0,0
1006,7,2001-10-31,0000-01-01,0,0,1,0
1520,9,1942-10-05,1989-01-11,0,0,1,5
1320,6,1983-09-20,1997-01-22,1,1,0,1
614,2,1949-05-29,1981-05-13,0,1,1,2
953,12,1951-09-27,1961-07-28,0,0,0,0
329,13,1977-03-12,0000-01-01,0,1,0,4
934,10,1992-12-16,2000-01-12,0,1,1,3
1356,12,1978-02-27,2019-09-13,2,0,0,3
1536,7,1945-10-23,0000-01-01,2,1,0,5
1543,9,1992-05-23,1999-04-08,0,1,1,0
139,2,1952-02-20,1975-05-11,0,1,0,4
396,1,1945-07-23,1998-07-22,1,1,1,0
1462,3,1973-12-24,2012-04-05,2,0,0,5
378,9,1954-11-30,1981-10-06,0,1,1,0
930,2,1979-01-11,2005-04-28,2,1,0,2
363,6,1986-09-19,1987-07-27,1,0,1,XX
519,3,1959-06-25,1979-12-08,1,0,1,4
364,7,1972-11-17,0000-01-01,2,0,0,1
654,12,1942-03-28,2003-12-25,0,0,0,3
769,12,1989-05-06,2004-07-12,0,0,1,0
1474,4,1975-05-27,2014-09-06,0,0,1,5
616,6,1940-10-09,1966-06-17,1,1,0,4
1392,1,1949-04-25,1985-04-30,1,1,0,0
489,1,1970-09-02,1998-05-28,0,0,0,0
41,4,1953-08-21,0000-01-01,2,0,1,5
460,13,1945-07-13,1947-04-07,2,0,0,2
1270,8,1974-09-10,0000-01-01,1,0,1,3
765,9,1987-10-12,1996-10-08,1,0,0,1
1066,1,1944-09-24,1983-08-06,0,1,1,0
394,1,1961-11-12,2018-09-23,1,0,0,2
1617,4,1971-05-19,1998-11-10,0,0,1,1
531,7,1940-08-31,1943-05-27,0,0,0,0
699,6,1953-11-21,2014-07-26,1,1,0,3
1353,11,1995-03-15,0000-01-01,1,0,1,3
1080,9,1978-09-12,2015-10-21,2,0,0,3
1277,12,1943-03-10,1959-01-24,2,0,0,1
1206,11,1993-05-05,2007-12-23,1,0,0,0
1076,5,1980-04-01,2015-04-27,0,0,0,5
982,7,1954-03-19,1974-06-11,2,0,0,5
114,6,1940-09-15,2001-01-25,2,1,0,2
1031,5,1976-09-14,0000-01-01,1,1,0,5
412,3,1982-07-28,0000-01-01,0,0,1,3
1109,12,1989-08-25,2004-10-26,0,1,1,3
502,7,1949-04-01,0000-01-01,0,1,1,1
964,2,1960-09-25,2019-11-22,1,0,0,0
137,6,1982-08-04,1990-10-02,1,1,1,2
1021,4,1959-06-01,1980-03-11,1,1,1,5
827,4,1945-04-27,1965-04-28,0,0,1,4
1344,12,1998-04-05,2007-12-01,2,1,1,2
523,3,1989-05-27,0000-01-01,2,0,1,0
693,11,1987-06-08,2010-01-09,2,0,1,2
1593,9,1972-08-25,0000-01-01,0,1,1,4
1047,4,1967-02-04,2006-12-11,1,0,0,2
204,10,1973-01-25,2017-03-17,2,0,0,4
79,8,1991-04-17,2002-06-14,0,0,1,2
34,1,1958-07-11,0000-01-01,2,0,0,4
1063,7,2000-03-18,2004-10-04,2,0,1,1
866,1,1980-12-19,1981-11-28,2,1,1,2
22,11,1941-05-19,2015-08-03,1,0,0,4
7,10,1987-03-12,2004-03-17,1,0,0,5
1482,8,1993-11-26,2003-06-19,1,1,0,5
456,5,1977-05-26,1979-10-10,0,0,0,1
113,2,1989-01-27,2013-05-22,1,0,0,2
1625,3,1999-12-22,2000-05-16,2,0,1,2
862,9,1955-04-25,1976-01-18,2,0,1,5
925,6,2000-07-07,2010-12-23,2,0,1,2
342,11,1997-06-12,2008-05-03,2,1,1,5
689,1,1964-05-14,2007-11-20,0,1,1,3
312,6,1967-05-20,1998-01-08,1,0,0,5
1240,4,1960-04-07,1995-07-06,2,0,0,2
112,1,1968-05-22,2015-09-28,2,1,1,3
368,4,1974-10-10,1977-08-19,2,1,1,2
390,13,1988-11-14,2014-06-25,1,1,1,5
179,10,1956-07-11,1985-04-27,0,0,1,4
48,9,1978-05-03,1994-09-09,2,1,0,2
494,9,1995-07-14,2006-03-03,0,0,1,3
1419,9,1954-03-06,1956-07-02,2,0,1,1
325,3,1961-03-03,1967-06-13,1,0,1,5
208,6,1980-11-08,0000-01-01,2,1,0,0
1415,7,1942-12-16,1983-01-03,2,1,0,4
266,9,1975-08-06,0000-01-01,1,1,0,5
710,1,1959-08-04,1997-11-11,2,0,1,0
433,10,1980-05-10,1999-07-10,0,0,1,2
492,13,2001-02-16,2019-09-12,2,0,0,5
1050,4,1964-02-26,0000-01-01,1,0,0,0
231,1,1978-07-05,2000-08-26,1,1,1,2
604,5,1963-06-30,1984-11-01,2,1,0,4
1384,13,1979-07-23,1991-11-13,2,0,1,0
1620,7,1800-01-01,1987-12-01,2,1,1,3
173,5,1951-09-17,1994-09-02,0,1,0,0
995,5,1956-09-29,2020-11-16,0,1,0,4
1254,2,1993-09-28,2011-08-15,0,0,0,2
533,2,1985-05-16,2000-01-31,2,1,1,4
566,4,1972-02-18,2000-05-07,1,1,0,2
1559,4,1952-07-12,2006-05-06,0,0,0,1
821,13,1967-04-13,2001-02-21,2,0,1,1
700,4,1979-10-14,2020-03-09,0,0,1,1
347,4,1989-06-21,2010-06-07,1,1,0,0
67,2,1993-04-29,1994-07-19,1,0,0,5
975,9,1954-07-08,1979-04-19,2,0,0,4
75,10,1985-05-06,2016-07-16,0,1,1,5
1541,4,1941-04-22,1985-01-19,1,1,0,4
1475,9,1940-11-21,0000-01-01,2,1,1,5
334,9,1985-03-02,1995-03-10,1,1,1,2
894,12,1966-06-22,1967-09-08,1,0,1,1
1271,13,1995-12-17,2013-08-08,1,0,0,1
1010,10,1995-11-06,2015-12-02,1,0,1,2
1055,8,1977-12-11,2008-12-21,2,1,1,5
1561,13,1976-07-03,1995-02-06,1,0,1,4
774,7,1986-08-31,0000-01-01,2,1,1,4
532,5,1964-09-02,0000-01-01,0,1,0,4
351,8,1959-03-08,0000-01-01,0,0,0,2
1532,8,1992-04-11,2010-05-09,2,1,0,2
392,6,1966-04-03,1980-07-17,0,1,0,4
525,4,1951-04-21,1956-04-19,0,0,0,0
358,4,1969-08-18,1984-03-05,2,1,0,0
11,2,1961-03-30,1998-06-03,0,1,1,0
1426,5,1993-06-21,0000-01-01,2,1,1,0
920,6,2000-10-15,2012-02-24,2,0,1,0
330,10,1976-05-31,1987-05-22,1,0,0,0
33,6,1943-02-27,1956-02-24,0,0,0,3
1517,5,1940-10-23,2013-10-27,0,1,1,5
1364,4,1971-03-07,0000-01-01,0,1,1,0
158,10,1946-06-05,1995-12-09,2,1,1,5
1187,13,1994-11-05,0000-01-01,2,0,0,2
382,8,1994-05-02,1996-12-31,1,0,1,0
1104,11,1983-07-10,1984-01-27,1,0,0,0
143,2,1974-08-30,0000-01-01,2,1,0,5
825,8,1955-10-14,0000-01-01,2,0,0,3
1259,9,1956-05-11,2017-08-07,0,0,1,0
662,9,1946-02-01,2018-04-22,0,0,0,3
768,2,1948-08-20,0000-01-01,2,0,0,5
1530,10,1979-01-24,0000-01-01,2,1,0,1
1123,6,1955-12-07,2001-04-23,1,1,0,1
1506,4,1992-04-15,1993-05-08,1,1,1,0
379,6,1992-09-03,0000-01-01,2,0,1,2
1544,3,1964-03-25,2001-11-22,2,0,0,5
1589,6,1955-06-26,1971-09-15,1,1,0,2
485,11,1957-01-09,2003-12-01,2,0,1,5
1635,9,1994-07-24,1997-10-25,0,1,1,2
1350,10,1949-03-20,1982-11-07,1,0,1,3
732,8,1943-04-20,1972-02-21,0,0,1,1
648,2,1997-08-16,2013-08-06,0,1,0,1
582,5,1989-07-22,2000-03-28,0,0,1,4
814,11,1959-06-18,0000-01-01,1,0,0,3
528,7,1946-12-09,2010-09-02,0,0,0,4
1026,3,1942-03-06,1996-04-12,1,0,0,4
385,12,1948-03-15,1978-05-30,1,0,1,5
537,7,1962-07-09,2009-07-29,0,1,1,5
1184,2,1999-02-09,2003-01-28,1,0,0,1
51,6,1970-12-28,0000-01-01,2,1,1,4
219,1,1987-01-10,1999-02-04,1,0,1,0
221,1,1956-03-10,0000-01-01,2,0,1,0
18,1,1958-09-06,1983-04-30,0,0,0,1
1081,4,1968-06-20,2012-02-06,1,1,0,5
138,13,1994-11-10,1996-09-27,0,1,1,1
298,9,1943-02-12,0000-01-01,2,1,0,1
1196,1,2000-04-03,2016-06-27,0,0,1,0
1386,2,1967-03-08,1998-12-25,1,0,1,1
1335,8,1995-10-11,2004-10-01,0,1,1,2
127,9,2001-07-31,2005-04-09,0,0,0,3
842,10,2000-05-20,2007-10-13,2,1,0,5
905,12,1978-11-13,2015-08-24,2,1,0,0
1268,2,1961-08-19,0000-01-01,2,1,1,5
1168,3,1983-03-11,2009-11-28,1,1,0,2
1235,3,2000-08-17,2006-12-01,2,1,0,4
797,3,1969-09-23,2015-02-16,2,1,1,1
706,5,1974-04-23,1987-05-12,0,0,0,2
859,3,1943-03-02,2008-12-09,2,1,1,4
1546,2,1985-03-07,2013-12-21,1,0,0,3
1408,12,1980-07-14,2001-01-21,2,0,1,4
310,6,1995-08-24,2017-12-27,2,0,1,1
1297,5,1968-01-05,2019-06-09,0,1,0,2
14,1,1946-02-26,0000-01-01,1,1,0,0
682,7,1962-11-09,1978-06-08,0,1,1,5
376,13,1983-09-28,1994-03-16,0,1,0,2
1338,13,1980-05-17,1993-12-16,0,0,1,1
361,3,1976-04-18,1977-07-06,2,1,1,3
551,11,1950-07-01,0000-01-01,2,1,0,5
476,2,1988-06-14,1993-12-23,0,0,0,1
15,4,1968-04-03,0000-01-01,1,1,0,2
344,5,1993-11-29,0000-01-01,2,0,0,3
1421,5,1956-05-26,2006-09-27,2,1,0,2
1321,11,1982-11-08,1986-08-06,1,1,0,3
1157,12,1998-04-06,2000-02-16,2,0,1,1
630,13,2001-09-25,2007-10-10,1,1,1,0
1079,4,1984-03-05,0000-01-01,1,1,0,1
580,6,1986-06-01,2015-10-05,0,1,0,5
788,2,1962-09-17,1964-03-05,2,1,1,4
1345,2,1992-05-25,0000-01-01,0,1,0,4
273,6,1975-04-13,0000-01-01,2,0,0,0
47,6,1956-01-19,0000-01-01,1,1,0,0
206,2,1962-11-06,2017-05-28,2,1,1,4
621,8,1954-04-12,1990-04-16,1,1,1,2
1190,9,1976-09-20,0000-01-01,2,0,0,3
1492,3,1949-05-01,1958-12-16,2,1,1,5
811,2,1963-01-11,1996-07-01,1,0,1,3
23,9,2001-12-06,2006-11-21,2,1,1,3
1568,3,1946-07-28,2016-09-15,1,0,0,0
446,7,1993-07-19,2004-06-20,1,0,1,1
890,6,1944-06-04,1995-03-05,1,1,1,0
636,11,1962-06-13,1969-05-20,2,1,0,2
544,13,2002-02-09,2018-10-10,2,1,0,0
419,11,1943-04-04,1956-09-26,2,0,0,3
482,11,1977-12-23,2001-01-28,2,1,0,5
1633,7,1940-07-29,1965-05-10,0,0,1,5
1562,10,1947-08-13,2004-04-22,0,0,1,2
1219,1,1988-01-29,2015-03-19,0,0,0,3
1312,1,1950-11-04,1998-04-23,0,1,1,2
1484,5,1965-08-01,1981-05-10,0,0,0,5
169,4,1974-05-28,1991-05-16,0,1,0,1
1236,4,1963-03-21,2020-07-27,1,0,0,5
919,9,1988-12-09,1992-01-08,0,1,0,1
573,13,1987-03-03,1998-06-18,1,1,0,3
794,1,1985-07-30,1993-12-19,0,1,0,5
596,5,1990-07-31,2010-02-07,0,0,1,5
477,13,1968-04-04,1993-03-16,2,0,0,5
1621,7,1986-12-22,0000-01-01,0,1,0,3
146,10,1948-09-20,0000-01-01,2,1,1,4
755,12,1990-12-04,2009-01-28,1,0,0,0
740,10,1952-04-27,2018-03-12,1,0,0,3
308,2,1953-08-12,0000-01-01,1,0,0,2
356,2,1988-11-26,2001-11-28,0,1,1,2
1237,9,1954-04-01,0000-01-01,0,0,1,1
952,11,1948-01-18,0000-01-01,2,0,1,5
283,8,1988-02-25,2011-12-05,2,1,1,2
495,7,1953-12-09,2013-09-25,2,1,1,2
1472,13,1959-05-06,1987-10-13,0,1,1,2
32,3,1968-02-17,1981-12-14,2,1,0,3
570,5,1948-06-18,2012-10-27,1,0,0,3
1307,7,1956-12-08,1998-01-03,1,99999,0,4
226,4,1988-02-29,1993-11-04,0,0,0,3
1294,1,1945-09-03,1986-05-27,0,1,1,0
1425,5,1958-05-18,0000-01-01,2,0,1,1
228,11,1960-07-31,2001-07-01,2,0,1,2
898,12,1950-01-06,2003-11-02,0,0,0,3
216,10,1994-08-03,0000-01-01,1,1,0,3
311,3,1991-11-27,2005-03-26,0,0,0,2
947,1,1954-07-30,1966-05-30,2,1,0,5
1431,10,1958-06-11,2011-10-25,2,0,1,0
256,6,1962-02-04,0000-01-01,0,1,0,4
767,8,1972-04-19,0000-01-01,0,0,1,4
1131,9,1992-11-13,2006-07-31,1,1,0,2
1164,9,1990-08-27,0000-01-01,2,1,1,0
831,11,2001-11-23,2012-11-08,1,0,0,2
624,4,1945-01-13,1965-01-09,0,0,0,2
183,7,2002-04-19,2004-11-09,0,1,1,1
962,1,1950-07-14,1954-01-10,2,1,0,3
586,7,1997-04-01,2005-06-04,1,0,1,1
1461,7,1979-08-07,0000-01-01,0,0,1,2
644,12,1980-07-05,2007-09-19,2,1,1,4
986,10,1940-09-05,0000-01-01,2,1,0,5
977,1,1976-08-28,2017-10-14,2,0,0,4
836,5,1988-02-22,1993-02-22,2,1,1,1
1447,6,1966-04-30,0000-01-01,2,0,1,1
634,11,1957-11-13,1976-11-30,1,1,1,1
1212,12,1963-01-13,2002-02-26,2,1,0,3
1361,8,1982-10-28,1986-10-05,2,0,1,1
1354,2,1965-11-22,1973-03-25,0,0,1,5
168,10,1945-03-14,1993-10-13,2,0,1,1
1556,3,1993-10-06,1998-02-02,2,0,0,3
320,6,1962-06-06,0000-01-01,1,1,0,4
58,13,1953-04-24,2001-05-05,1,1,0,0
1412,6,1947-02-01,1960-10-24,2,0,1,5
259,13,2000-12-26,2019-09-04,1,0,1,5
1223,4,1955-02-06,0000-01-01,2,1,1,3
129,13,1954-03-26,2015-11-28,1,1,0,1
1478,2,1947-07-27,1994-10-13,0,1,0,3
1041,12,1946-08-01,1999-01-07,1,1,1,4
896,6,1987-04-24,1993-04-27,1,0,0,5
1155,7,1991-10-02,2011-07-07,0,0,1,3
1057,5,2000-02-16,2003-07-28,1,1,1,3
1479,1,1981-01-25,1985-05-14,1,1,1,0
876,12,1988-02-04,2004-06-06,1,1,0,4
424,9,1973-02-26,0000-01-01,1,1,0,1
650,6,1950-12-14,2013-04-24,0,0,1,2
1211,9,1981-10-17,1986-12-03,0,1,0,1
1188,9,1974-02-22,2018-02-28,1,1,1,4
105,5,1957-09-06,1990-04-17,2,0,0,3
1111,13,1958-05-28,1965-12-17,0,0,0,3
331,6,1976-08-12,0000-01-01,2,1,1,5
681,3,1946-02-19,1977-01-04,2,0,0,5
317,3,1989-01-09,1990-04-27,1,0,0,3
685,9,1998-11-27,2016-09-26,0,0,1,2
1284,2,1986-09-18,2000-12-04,2,0,1,5
404,6,1984-01-29,2014-11-09,2,0,1,4
423,6,1957-04-18,2018-10-06,2,0,1,5
1301,2,1977-05-09,1994-02-19,0,0,0,3
167,4,1985-01-14,2013-06-16,1,0,0,2
1464,12,1963-09-23,1983-10-14,1,0,0,0
1600,2,1957-04-24,0000-01-01,0,1,1,2
1555,1,1977-01-07,2014-10-06,2,1,0,4
1476,5,1960-12-09,2010-12-25,0,0,1,1
754,10,1948-02-12,2009-04-08,0,0,1,3
89,8,1940-09-24,0000-01-01,0,1,1,3
400,1,1977-04-06,2011-05-05,1,0,0,4
1406,13,1981-05-13,2005-08-23,1,0,1,1
562,6,1993-07-04,2019-05-21,2,0,1,4
1339,9,1982-04-11,1986-02-17,0,1,1,2
222,11,1982-07-04,2009-04-14,2,1,0,4
1455,12,2001-04-19,2012-04-23,1,0,1,3
536,13,2000-03-01,0000-01-01,0,0,1,0
649,6,1941-01-23,0000-01-01,1,0,1,4
303,13,1975-12-08,1991-07-31,1,0,0,3
1070,10,1942-09-23,1970-07-25,1,0,0,4
922,7,1800-01-01,1957-11-30,1,1,1,2
281,3,1962-09-13,1996-08-19,0,0,0,3
371,9,1950-07-29,0000-01-01,2,1,0,5
1604,7,1974-07-27,1990-05-24,2,0,0,0
135,4,1966-10-10,1977-02-23,1,0,1,0
1251,5,1994-07-11,2000-05-12,0,1,1,3
1624,9,1997-03-16,1999-10-31,0,0,0,1
156,13,1964-07-28,1971-02-01,2,0,1,2
132,9,1984-02-06,1993-06-13,2,1,0,0
913,5,1976-04-14,1988-07-20,1,0,0,3
77,12,1953-07-05,1992-04-16,1,0,0,4
1422,7,1944-04-15,1949-07-25,1,0,1,1
733,9,1958-03-09,2012-05-15,2,0,1,4
927,11,1978-11-15,2013-06-12,1,1,0,1
1135,5,1969-11-22,2013-01-16,2,1,1,4
459,5,1986-03-22,2012-03-12,1,1,0,3
1183,8,1973-01-23,1988-01-12,0,1,0,0
1238,1,1995-08-11,2008-08-31,2,0,0,4
600,9,1949-07-04,1975-06-11,0,0,0,3
40,10,1986-10-11,0000-01-01,1,0,0,1
933,11,1988-12-25,2020-02-25,0,0,1,0
1127,3,1947-12-13,1952-01-03,2,1,1,2
935,9,1947-08-09,1976-11-27,2,0,1,4
1495,7,2001-01-13,0000-01-01,1,0,1,2
694,10,1954-08-14,1970-02-11,1,0,0,4
374,5,1994-06-26,2016-03-06,0,1,0,5
979,5,1963-07-28,0000-01-01,1,0,0,5
547,5,1963-03-14,2003-09-12,2,1,1,2
115,10,1987-10-28,2011-09-01,0,0,1,5
1605,3,1981-10-19,1985-10-10,1,0,0,5
738,11,1988-06-24,0000-01-01,0,0,1,3
695,9,1954-06-05,0000-01-01,0,1,1,0
1105,10,1996-05-24,0000-01-01,2,1,1,0
1549,7,1985-12-13,2020-05-29,0,0,1,2
1586,8,1992-05-08,1998-08-19,2,1,0,1
182,13,1991-02-20,1993-07-30,2,0,1,5
1252,4,1981-08-03,0000-01-01,0,0,0,1
838,12,1994-05-24,0000-01-01,2,1,1,XX
1149,9,1957-05-18,1996-06-07,2,1,0,1
1233,6,1993-05-27,2019-04-05,1,0,0,2
1553,3,1945-06-26,1947-04-26,2,1,1,4
884,9,1997-02-26,2003-01-26,2,0,1,0
1570,1,1969-12-05,1981-07-29,2,0,0,4
1077,1,1966-07-07,1976-01-29,0,0,1,5
243,3,1943-06-29,1945-08-26,2,0,0,4
304,9,1985-01-05,2012-03-11,1,1,0,1
1521,2,1950-07-05,1971-03-29,0,1,0,1
483,3,1986-01-25,1988-04-04,2,0,1,4
1102,5,1940-04-20,2013-11-01,2,0,1,1
703,3,1972-04-25,2000-10-19,2,1,1,0
1023,1,1965-04-24,1984-11-08,1,0,1,3
1020,8,1944-08-01,0000-01-01,0,1,0,1
1051,4,1943-04-28,2011-03-20,2,0,0,1
1485,7,1974-02-11,2012-12-10,0,0,0,3
1140,2,1971-02-15,2019-01-02,1,0,0,4
1093,4,1965-04-02,0000-01-01,1,1,0,2
721,11,1971-01-24,2007-02-23,0,1,1,5
1084,6,1944-07-13,1993-09-30,2,0,0,1
829,7,1946-11-11,1950-02-28,2,0,0,4
1303,7,1958-11-13,0000-01-01,2,0,1,3
1134,8,1977-09-17,1988-08-05,1,1,0,0
724,6,1986-04-28,1987-09-03,1,1,0,1
1282,13,1962-06-03,1992-09-27,0,1,1,2
1334,5,1972-11-26,1999-11-07,1,0,1,3
752,9,1963-12-02,1970-10-09,1,1,1,3
480,5,1941-04-01,1951-06-26,0,1,1,0
1126,7,1990-02-25,2015-08-15,0,1,1,4
244,13,1997-08-29,2000-04-29,2,1,1,0
276,9,1991-10-28,1996-03-29,0,0,1,4
1305,13,1943-01-18,1966-07-09,1,0,1,5
1089,10,1948-07-21,1959-07-28,1,0,0,1
1402,13,1958-04-27,2019-03-26,1,0,1,0
161,10,1987-08-11,2019-11-08,2,0,1,4
1220,13,1959-10-01,2020-09-24,2,0,1,3
807,13,2002-01-18,0000-01-01,2,0,1,1
90,13,1800-01-01,0000-01-01,1,1,0,3
336,4,1999-01-01,1999-08-03,2,0,0,3
229,11,2001-10-12,2012-08-18,1,1,1,5
1177,13,1977-01-28,1984-10-20,0,0,0,1
375,6,1972-09-19,0000-01-01,1,1,1,5
305,9,1983-09-16,1996-12-13,0,0,1,2
461,6,1952-08-14,1993-06-09,0,1,0,0
270,8,1948-09-08,2008-02-04,2,0,0,1
1241,12,1971-07-15,1991-08-05,0,1,0,2
166,3,1800-01-01,1962-05-16,1,1,0,5
723,11,1965-02-24,2000-09-15,0,1,1,1
955,6,1968-11-21,2019-03-20,0,0,1,4
626,9,1963-08-25,1967-07-02,1,1,0,1
1383,13,1953-12-30,1954-10-17,2,0,1,2
892,4,1986-02-02,2015-06-08,0,1,1,5
1100,8,1983-09-21,1984-04-27,1,1,1,1
160,2,1955-08-13,2016-05-03,1,0,0,2
260,13,1942-08-26,0000-01-01,2,1,1,2
1608,5,1979-07-06,0000-01-01,1,0,0,2
449,6,1947-09-14,1974-06-23,1,1,0,3
343,10,1987-12-31,2017-08-13,2,1,1,2
1572,13,1954-09-08,1991-06-20,1,0,0,5
326,12,1956-06-13,1999-08-28,2,1,1,5
579,13,1951-04-18,1997-02-24,2,0,0,2
945,12,1946-11-09,1947-07-18,0,1,1,0
1496,7,1945-11-15,1999-01-14,0,1,0,3
1242,3,1971-10-15,2008-11-18,2,0,1,3
254,3,1962-03-05,2005-01-29,2,0,1,0
1577,11,2001-01-06,2009-06-20,0,0,0,3
1560,6,1982-12-05,1990-01-13,1,1,1,2
44,5,1976-09-28,1980-04-28,2,0,1,2
645,7,1963-11-08,2014-02-05,2,1,1,2
664,8,2000-12-17,2017-04-13,1,1,0,3
1382,13,1977-04-21,0000-01-01,2,0,1,2
233,5,1978-09-10,2004-04-01,2,0,1,5
1501,7,1986-05-27,2010-04-30,0,1,1,1
1445,2,1958-05-25,1966-01-17,0,1,1,0
895,6,1978-10-20,0000-01-01,1,1,0,0
210,2,1984-06-09,2005-03-11,1,1,0,1
197,7,1984-04-12,2004-07-26,0,0,1,3
1433,11,1945-02-14,1963-12-07,1,0,1,1
847,12,1949-10-28,1980-06-23,0,1,0,2
856,1,1986-11-23,0000-01-01,2,0,0,1
671,11,1987-10-23,2008-09-05,0,1,0,5
1018,3,1964-08-15,2000-04-11,0,1,0,1
1435,3,1967-04-29,1993-10-26,1,0,0,0
683,1,1986-08-30,2018-08-10,1,1,1,4
633,12,1992-08-19,0000-01-01,1,0,0,3
271,9,1987-04-08,2007-09-23,0,0,1,5
1355,12,1979-08-25,1984-11-22,1,0,1,5
657,2,1948-07-15,2017-08-25,1,1,0,4
198,10,1999-04-04,2000-09-04,0,0,1,4
1397,7,1995-11-12,1998-06-26,1,0,1,0
589,2,1982-04-08,1996-08-21,0,1,1,5
288,4,1988-06-07,2012-09-13,2,0,1,4
1428,4,1953-05-07,1995-06-17,1,1,1,5
702,1,1961-01-26,2014-08-24,1,0,1,4
1117,13,1950-12-08,1951-05-12,1,0,0,4
1535,11,1982-01-29,2008-06-30,2,1,0,0
1052,4,1954-08-29,1962-01-18,0,1,1,1
779,4,2002-06-01,2005-03-20,0,1,1,0
996,8,1978-08-12,1980-01-08,0,0,1,2
1310,9,1978-06-08,1996-03-06,0,0,0,3
1239,2,1975-07-01,1976-01-05,0,0,0,2
1547,7,1973-11-14,1987-05-27,2,0,0,4
1136,8,1978-12-07,0000-01-01,2,0,1,2
571,7,1945-11-07,1965-05-22,0,0,1,3
1615,10,1960-01-01,1977-03-15,0,1,0,5
837,8,1942-09-24,2008-07-05,0,1,1,4
1171,5,1993-07-27,1998-07-12,2,1,0,0
55,11,2000-06-30,2004-03-21,2,0,0,5
697,2,1993-02-17,2017-09-07,0,1,0,3
865,8,1953-10-06,0000-01-01,2,0,0,3
1112,7,1945-08-30,2014-11-25,0,1,0,5
1250,8,1979-04-06,1997-12-13,0,0,0,5
472,4,1947-04-02,0000-01-01,2,1,1,0
1108,4,1988-08-14,2013-11-14,1,0,0,0
274,12,1952-11-14,1967-08-11,0,0,1,5
1200,10,1980-06-22,2006-11-14,2,0,1,1
959,4,1984-03-07,0000-01-01,0,1,0,3
369,7,1958-06-07,0000-01-01,0,0,1,2
1260,6,1973-03-13,2001-03-25,2,1,1,2
1330,10,1954-02-11,1989-08-29,1,1,1,0
539,11,1941-07-07,2001-05-12,0,1,1,2
906,6,1942-11-10,2000-05-10,1,0,1,3
665,7,1953-07-11,2005-12-26,0,0,1,4
258,9,1988-11-08,2013-06-28,0,0,1,3
1110,5,1941-05-10,0000-01-01,2,0,1,1
1341,6,1964-04-11,2003-04-16,2,1,0,1
1203,3,1947-03-02,1981-10-26,2,0,0,2
620,2,1992-05-17,0000-01-01,0,0,0,5
70,2,1989-04-16,0000-01-01,1,0,0,5
1322,11,1959-05-05,2002-05-07,1,1,0,1
314,13,1943-03-16,2002-01-05,1,1,0,5
1232,9,2001-01-28,2012-12-28,1,1,1,1
961,8,1972-03-22,1984-01-22,2,0,1,1
201,7,1996-04-07,2005-09-19,0,0,1,2
447,10,1984-02-11,2019-06-30,1,0,0,5
1230,9,1957-07-06,2016-05-18,0,1,0,2
116,8,1982-11-07,2005-09-14,1,0,0,2
912,2,1944-08-02,1982-05-24,0,0,0,0
414,4,1955-07-30,1988-04-21,1,99999,0,0
1481,1,1969-04-23,0000-01-01,1,1,1,0
1202,10,1943-02-19,0000-01-01,0,1,1,2
1060,9,1962-08-30,2012-04-13,1,0,1,1
1004,13,1987-07-25,1996-02-11,0,1,0,3
728,4,1945-08-06,1991-09-07,1,1,0,3
655,12,1953-05-28,0000-01-01,0,0,1,0
561,1,1946-12-15,0000-01-01,2,1,0,1
611,7,1949-06-03,1960-12-26,1,1,0,5
1508,8,1954-08-31,0000-01-01,1,0,0,0
520,13,1964-06-28,1966-06-03,1,0,0,2
557,9,1965-07-09,1998-06-11,1,1,1,0
684,3,1980-05-14,0000-01-01,0,0,1,2
96,7,1993-03-11,1995-05-20,1,0,0,2
773,2,1949-06-10,0000-01-01,0,1,1,0
1613,4,1979-08-09,2010-01-13,1,0,1,1
1045,6,1980-11-10,1992-11-27,0,1,0,2
1086,10,1946-09-04,0000-01-01,2,0,1,5
741,5,1986-04-29,1993-07-10,0,1,0,0
1040,6,1943-02-14,1994-02-12,0,0,1,5
362,9,1959-09-24,1976-01-09,1,0,0,0
1009,1,1948-03-07,1980-12-21,0,1,0,0
849,8,1967-10-10,1999-03-14,2,0,0,0
87,3,1957-05-11,2020-09-02,0,0,1,5
881,10,1969-12-24,2006-10-02,1,1,0,1
1571,11,1961-10-11,1990-08-08,2,1,0,2
558,13,1961-08-02,1983-08-03,2,1,1,1
594,3,1971-05-30,2010-12-02,0,1,0,5
1452,13,1944-10-05,1976-05-26,2,0,0,5
1380,8,1946-06-22,1994-11-27,1,0,0,2
187,2,2001-10-17,2006-09-13,1,0,1,5
1033,6,1981-01-07,1985-05-15,0,1,0,0
458,6,1984-08-08,1989-10-10,0,1,1,4
850,8,1966-03-24,2007-08-03,0,0,0,4
968,13,1971-06-25,2011-01-29,1,1,1,2
1185,7,1948-11-13,0000-01-01,0,0,1,1
1483,3,1990-09-26,0000-01-01,1,0,1,0
704,8,1999-04-30,2006-06-08,1,0,1,5
1042,7,1999-08-10,0000-01-01,0,0,0,2
921,12,1950-10-01,1975-06-22,2,1,0,4
991,2,1949-12-31,0000-01-01,0,0,1,3
1197,6,1984-02-29,1984-08-24,2,0,1,1
787,12,1981-09-15,0000-01-01,1,0,1,3
81,12,1953-01-14,1963-04-14,0,1,1,4
1319,9,1957-02-20,2002-07-21,1,1,1,4
791,6,1981-02-25,2019-06-01,2,0,1,0
496,4,1963-05-23,2019-07-04,2,1,1,3
510,7,1961-11-13,1992-03-04,2,1,0,3
462,10,1983-06-03,1997-05-24,0,1,0,0
781,8,1949-06-12,1985-02-03,2,1,0,1
729,2,1977-09-10,0000-01-01,2,0,1,1
71,10,1994-11-27,2017-03-04,2,1,1,2
883,5,1971-09-28,0000-01-01,0,0,1,3
1054,7,1991-05-27,1994-02-16,1,1,0,5
882,13,2002-06-11,0000-01-01,2,1,0,3
506,13,1951-05-25,2016-12-09,2,1,0,0
888,7,1993-06-14,2008-02-10,2,1,0,5
766,7,1966-11-25,1987-07-08,0,0,1,1
828,6,1995-06-05,2000-04-12,0,1,1,XX
1025,1,1947-07-28,0000-01-01,1,1,1,3
715,5,1996-12-08,2015-10-23,2,1,0,3
150,8,1954-11-01,1962-09-01,0,0,1,2
990,9,1988-07-14,2020-03-27,0,1,1,2
1267,1,1959-04-23,2003-08-26,1,1,0,0
1291,13,1974-12-05,1995-02-12,0,0,0,3
874,8,1960-05-01,1983-08-09,0,1,1,3
1488,8,1800-01-01,1976-08-02,1,0,0,3
1347,5,1978-01-13,2008-02-25,0,0,1,0
380,9,1965-11-07,1975-05-08,2,1,1,0
597,13,1968-02-18,1979-12-22,1,1,0,5
1204,7,1961-11-16,1976-10-17,2,1,1,5
333,1,1952-07-05,1975-03-05,2,1,0,5
550,13,1971-11-14,2006-12-29,0,0,1,4
43,8,1951-07-20,2006-02-12,0,0,1,1
954,8,1800-01-01,1992-10-04,2,0,0,4
454,10,1949-09-26,1971-11-02,0,0,1,2
1371,1,2002-06-19,2002-09-26,2,0,0,2
873,10,1972-10-14,2007-10-01,1,0,0,1
1209,9,1949-02-05,2008-03-20,1,0,0,2
338,12,1800-01-01,2008-12-16,2,1,0,2
451,6,1995-10-13,0000-01-01,0,0,0,0
1448,8,1972-02-26,1995-09-08,1,0,0,XX
493,8,1958-04-17,2000-04-26,0,0,1,3
463,2,1994-07-19,1994-11-19,2,1,1,1
822,8,1958-02-08,1972-10-23,0,0,1,5
1514,10,1966-03-09,1976-02-07,1,1,0,5
1442,2,1986-10-16,1989-01-27,0,0,0,1
1083,5,2000-05-22,2020-07-02,0,1,1,3
285,5,1986-05-10,1988-07-15,0,0,0,1
1595,2,1974-08-04,0000-01-01,0,0,0,3
1374,11,1998-12-20,2000-02-26,1,1,1,4
1096,11,1976-01-15,1979-03-27,0,1,1,1
1049,7,1997-06-04,2014-09-20,0,0,1,0
1014,11,1966-06-12,1983-03-23,2,1,0,1
870,6,1956-06-14,2007-11-22,0,0,0,1
939,13,1996-10-10,2000-11-11,2,0,1,1
92,10,1985-11-15,2014-12-22,0,1,1,2
465,11,1953-12-29,1970-12-18,1,0,1,5
38,11,1980-09-04,0000-01-01,1,0,1,1
1327,7,1951-02-07,1968-07-02,1,0,1,1
97,10,1954-02-16,1994-03-26,2,1,1,XX
853,7,1972-02-01,1989-02-19,1,0,1,0
1191,2,1948-09-25,1961-12-13,0,1,0,3
411,3,1974-07-11,2018-09-08,1,0,0,0
209,9,1942-08-07,1959-10-28,0,0,1,2
1258,10,1995-09-17,0000-01-01,1,0,1,1
970,13,1991-10-13,1996-01-05,1,1,0,3
1175,13,1978-06-03,1982-06-14,2,0,1,0
1125,3,1953-02-27,2014-02-09,1,1,1,2
126,2,1988-09-26,2019-05-26,0,1,0,4
1439,2,1948-08-12,2007-01-23,0,0,1,2
124,5,1949-04-28,1956-11-08,0,0,1,4
1279,6,1959-03-07,2008-10-18,0,0,0,1
372,8,1943-03-11,0000-01-01,2,0,1,4
705,4,1994-06-04,2014-06-08,2,1,0,3
1115,4,1983-06-21,2017-07-19,0,1,1,2
59,13,1962-05-19,1986-04-24,2,1,1,3
1413,12,1991-03-26,0000-01-01,0,0,1,3
313,5,1972-06-17,1994-11-24,0,0,1,5
690,2,1970-05-24,1986-05-15,0,1,0,0
1401,11,1972-07-17,2007-07-08,0,1,0,4
1034,1,1985-06-18,1998-09-15,1,0,0,5
245,9,1942-09-22,1970-06-05,1,1,0,3
1273,5,1971-01-14,1981-11-03,1,1,1,1
667,2,1968-06-02,1975-01-08,2,0,0,2
618,13,1973-12-20,2011-07-27,1,0,1,4
1511,5,1963-02-05,0000-01-01,2,0,1,2
676,10,1971-01-03,0000-01-01,1,0,1,5
192,4,1959-11-03,1996-05-29,0,0,0,1
795,4,1948-04-01,2018-12-22,1,0,1,2
413,9,1997-11-26,2003-06-11,0,0,1,4
877,2,1967-10-26,1992-09-10,2,0,0,3
1460,10,1941-01-12,1944-07-27,2,1,0,3
619,13,2000-07-01,2013-04-14,0,0,0,1
1113,5,1952-11-15,1977-12-25,2,0,0,5
793,7,1944-02-25,0000-01-01,1,1,0,1
861,11,1951-10-06,2020-02-15,0,0,0,4
1029,6,1960-10-12,1967-08-01,2,1,0,0
527,1,1949-08-30,1999-02-28,0,1,0,3
782,8,1960-11-13,1984-11-26,2,0,1,4
804,12,1993-10-27,0000-01-01,2,1,0,2
1602,3,1954-03-01,1967-07-01,1,1,1,2
373,3,1987-03-08,1994-12-02,2,1,0,3
279,13,1949-01-25,1985-12-30,0,1,1,3
1314,7,1950-03-01,2009-02-01,2,0,0,2
602,13,1986-09-28,1993-09-08,0,0,1,5
253,5,1974-09-06,1975-02-04,1,1,1,1
851,6,1945-10-13,1974-12-04,1,0,0,5
610,1,1984-12-22,2005-08-18,0,0,0,4
223,5,2002-04-13,2006-07-08,0,1,0,4
440,10,1959-12-09,0000-01-01,1,1,0,0
1075,4,1975-03-16,1988-07-30,0,0,1,1
432,4,1990-09-23,2019-01-08,0,1,1,4
428,1,1954-06-30,1958-02-18,1,1,0,0
1579,5,1996-03-07,0000-01-01,2,0,1,0
230,12,1995-09-11,2010-09-29,1,0,1,2
878,11,1953-07-16,2009-07-21,0,1,1,4
623,10,1955-08-12,1982-11-05,1,0,0,3
407,12,1963-08-22,0000-01-01,1,1,0,0
748,12,1949-02-02,2018-08-14,0,1,1,1
1351,10,1970-04-24,0000-01-01,2,1,0,4
191,1,1942-08-30,2017-09-10,0,0,0,3
1147,10,1964-08-07,0000-01-01,0,1,1,3
907,10,2001-03-10,2005-10-09,2,1,0,2
928,2,1997-03-08,2012-06-25,1,0,0,3
1592,5,1944-04-26,1989-08-25,1,0,0,5
1336,5,1940-12-31,2000-03-25,1,0,1,5
969,7,1983-01-20,0000-01-01,1,0,0,3
640,8,1941-07-23,1957-12-23,2,1,0,2
943,4,1985-09-04,2020-03-07,1,1,0,3
698,9,1962-02-07,1962-10-18,0,0,1,4
1329,8,1983-03-03,0000-01-01,1,1,1,4
199,9,1984-01-01,0000-01-01,1,1,0,3
712,3,1970-03-17,0000-01-01,1,0,0,2
1179,8,1952-08-09,2006-11-19,2,0,1,3
515,7,1945-06-30,1990-01-14,1,1,1,1
207,12,1970-05-04,1972-07-09,2,0,1,1
12,9,1998-04-20,2008-04-30,0,1,1,1
1114,9,1941-12-19,1971-03-14,1,0,0,0
973,4,1954-06-10,0000-01-01,2,0,0,5
250,13,1947-06-14,1956-08-24,1,0,0,5
280,6,1953-08-11,1954-07-14,0,0,1,2
391,8,1997-08-02,2011-08-23,2,0,1,3
864,3,1995-02-14,2019-12-05,2,0,0,0
386,4,1992-03-09,2013-10-17,2,0,1,5
1471,4,1968-12-01,2011-11-14,2,0,0,3
445,1,1987-08-04,2004-03-10,0,0,0,0
592,13,1982-04-04,1987-08-11,1,0,0,1
739,3,1976-10-03,2008-11-01,2,0,1,2
37,2,1952-05-06,1996-12-06,2,0,1,1
1610,1,1991-11-25,2006-04-10,0,1,0,3
860,7,1946-09-15,1977-06-26,1,0,0,3
1107,2,1946-04-09,1992-03-31,0,99999,1,3
120,10,1943-04-19,1953-08-17,2,0,1,3
102,10,1990-05-11,2018-10-14,1,1,0,4
545,13,1953-09-12,1975-04-11,0,1,1,4
810,13,1957-06-11,0000-01-01,1,1,1,1
981,8,1954-03-13,1997-10-19,0,0,1,2
341,3,1973-06-22,0000-01-01,2,1,1,2
1631,2,1948-07-13,2008-09-11,1,1,0,4
567,2,1947-11-21,2016-11-24,0,1,1,4
54,2,1974-05-06,0000-01-01,2,1,0,5
246,2,1943-04-15,0000-01-01,0,1,1,1
1606,5,1989-03-21,2005-10-01,2,1,0,3
730,6,1995-04-03,2007-06-08,1,1,1,4
1573,7,1950-06-14,1968-05-28,2,0,1,3
154,10,1966-11-16,1992-06-09,2,1,0,3
1313,6,1958-02-23,2011-08-10,1,1,1,0
1378,5,1954-11-11,1985-03-01,0,1,1,5
242,9,1941-02-25,0000-01-01,2,0,1,XX
357,1,1973-02-22,1996-05-06,0,0,1,4
53,7,1994-04-01,2003-12-14,1,0,0,2
1139,11,1992-03-15,2005-08-03,0,0,0,1
345,2,1970-02-19,2003-01-03,0,1,0,2
42,9,2000-09-21,2012-05-14,0,1,0,3
211,3,1976-07-27,0000-01-01,0,1,0,1
1053,8,1983-03-31,0000-01-01,1,0,0,3
714,13,1962-11-10,1995-12-13,2,0,0,1
45,2,1940-01-06,1977-04-25,1,0,1,5
152,5,1997-09-25,1998-09-03,2,0,0,2
1205,13,1997-02-14,2015-03-29,1,0,1,3
799,9,1973-11-21,1974-05-26,2,1,0,0
318,2,1992-06-04,2004-12-21,0,1,1,4
543,4,1969-06-29,1971-07-01,2,1,0,4
1208,2,1966-01-18,2013-07-17,1,1,1,2
1216,4,1940-10-16,2020-01-21,2,1,0,5
1088,2,1990-07-01,2011-09-13,1,1,0,4
35,5,1983-01-09,0000-01-01,2,0,0,1
887,3,1976-03-09,0000-01-01,2,0,0,3
1594,2,1969-07-24,0000-01-01,2,1,1,5
726,9,1965-02-05,1990-06-13,1,0,0,2
1360,10,1999-11-26,2011-04-11,0,1,0,2
880,11,2001-10-10,2001-10-27,0,1,1,4
123,10,1951-05-31,1994-12-26,1,1,0,1
1144,10,1959-12-13,0000-01-01,0,0,0,0
1466,4,1948-11-16,1983-04-23,2,1,1,3
875,11,1964-10-12,1980-04-18,1,0,1,2
504,5,1994-03-31,2016-04-03,1,99999,0,2
354,5,1999-09-13,2010-04-29,2,1,1,3
1567,3,1976-12-28,2011-09-20,2,1,1,3
581,3,2002-12-03,2010-06-14,2,1,1,5
1343,4,1981-08-05,2000-05-23,1,0,1,5
1247,7,1940-10-07,1993-01-12,2,1,0,3
422,4,1947-01-17,2000-11-02,1,0,1,3
771,2,1996-05-13,2008-07-02,1,1,1,4
85,4,1994-02-22,0000-01-01,0,0,1,0
1337,12,1960-01-06,0000-01-01,2,1,0,2
491,6,1991-05-21,2019-10-22,1,0,0,0
180,13,1981-07-20,1989-09-08,1,0,1,3
1468,6,1943-01-22,2004-10-11,1,0,1,4
760,4,1980-02-25,2004-02-17,0,1,0,5
1590,11,1981-02-09,1985-03-12,0,0,1,2
294,6,1962-04-21,2002-01-25,2,0,1,3
1161,5,1965-11-06,2006-11-01,2,1,0,2
470,11,1996-12-17,1998-03-09,1,0,1,2
688,13,1980-09-07,2005-03-27,0,1,0,5
1044,11,1999-10-22,2020-08-02,1,1,0,1
1591,8,1943-04-01,1963-11-19,1,0,1,0
1618,7,1996-05-05,1998-05-09,1,1,1,3
1516,4,1988-03-23,2012-03-23,0,1,1,2
820,1,2001-08-12,0000-01-01,0,1,1,0
328,12,1956-09-28,1998-08-21,1,1,0,1
500,13,1981-03-29,0000-01-01,2,1,1,5
772,11,1977-08-12,1998-08-25,0,1,0,4
868,3,1995-01-03,2010-04-29,0,0,1,0
141,8,1965-03-09,0000-01-01,1,1,0,3
1612,3,1977-06-26,2015-02-05,0,1,0,0
1358,11,2000-04-14,2002-04-16,2,1,1,2
1519,5,1993-05-18,2016-03-08,1,0,0,3
95,11,1996-02-27,2010-12-19,1,1,0,2
1507,12,1993-09-10,0000-01-01,0,1,0,3
84,3,1967-02-21,2004-11-08,0,0,0,1
1427,8,1959-02-06,1983-07-29,1,0,0,5
606,1,1988-07-15,2001-06-17,2,1,0,5
289,1,1947-04-03,1996-06-18,2,1,1,4
1198,9,1967-12-27,1996-02-07,2,1,0,2
639,9,1943-01-04,2002-03-28,1,1,0,4
1575,11,1972-06-30,2007-09-22,1,0,0,4
1578,3,1957-10-04,1967-08-28,2,0,1,2
716,1,1971-08-04,1996-04-29,0,0,0,2
1226,11,1945-01-08,2020-08-06,2,0,0,5
1453,11,1956-04-14,1960-03-14,1,0,0,0
1151,9,1961-07-22,1973-12-07,2,1,1,1
261,11,1969-12-29,0000-01-01,0,99999,0,4
427,13,1969-01-07,2004-01-02,0,1,0,1
388,3,1976-12-20,0000-01-01,2,0,1,1
815,12,1978-08-22,2010-01-20,2,0,0,1
401,11,1966-12-17,2016-03-09,2,0,0,2
323,6,1954-10-25,0000-01-01,2,1,1,5
157,11,1985-04-10,2006-09-26,1,0,0,2
296,7,1985-07-07,1989-10-25,2,1,0,3
792,10,1988-04-22,0000-01-01,2,0,1,4
1512,10,1977-12-17,0000-01-01,1,0,1,3
1527,7,1982-07-19,2002-03-26,1,0,1,0
1027,1,1944-10-03,2017-09-12,2,0,0,3
60,7,1966-01-24,1978-09-17,0,1,1,3
998,9,1965-01-26,1977-06-06,0,1,0,4
643,10,1978-09-23,0000-01-01,2,0,0,3
628,5,1972-08-07,1997-06-15,0,1,0,4
819,9,1965-01-15,2012-10-22,1,0,1,4
1193,13,1994-04-04,0000-01-01,0,1,0,5
924,11,1945-11-01,1971-11-06,1,0,0,2
553,9,1960-07-17,2016-04-11,1,1,0,5
1542,6,1956-02-28,2011-01-09,0,1,1,2
145,4,1980-01-24,1998-03-07,0,1,0,5
743,7,1961-10-21,1985-06-12,1,1,1,3
956,8,1941-06-19,0000-01-01,0,1,0,0
340,9,1960-09-10,1969-03-17,1,0,0,5
5,7,1940-09-22,1996-07-20,1,0,0,0
31,8,1957-08-13,1994-12-07,2,1,0,2
1180,8,1952-04-18,0000-01-01,0,0,0,4
1518,10,1949-11-04,1984-09-07,0,0,0,1
727,1,1964-07-05,1985-02-07,1,0,1,1
1598,3,1990-12-10,1994-09-23,2,1,0,2
1458,6,1989-03-20,1995-06-18,0,1,0,5
1393,9,1981-06-17,2009-09-01,2,1,0,4
530,2,1992-06-27,0000-01-01,2,1,1,4
966,7,1968-11-29,1973-09-12,1,0,1,4
583,6,1969-04-18,1983-10-08,1,0,1,5
514,9,1985-07-04,2018-07-09,1,1,1,5
1036,9,1957-02-10,2007-01-11,1,0,1,2
72,9,1986-01-10,2011-09-22,0,0,1,4
56,12,1800-01-01,1954-08-31,1,0,0,4
1372,5,1984-06-08,1990-08-21,0,1,1,5
431,3,1985-09-13,0000-01-01,1,0,0,1
1098,12,1978-12-06,2008-08-28,2,99999,1,4
587,2,2001-04-12,0000-01-01,0,99999,1,2
78,6,1972-11-04,1990-02-05,1,1,1,1
960,10,1999-08-25,2014-08-27,1,1,1,2
1152,2,1984-06-12,1987-10-19,1,0,1,5
265,4,1987-01-27,2008-08-23,2,1,0,4
511,4,1996-04-23,2015-02-15,0,0,1,0
1039,6,1941-08-11,0000-01-01,1,0,1,1
1035,7,1956-03-26,2015-11-11,0,0,1,3
195,9,2000-12-04,2002-01-20,1,1,1,2
28,12,1961-12-19,0000-01-01,1,1,1,2
857,7,1975-11-08,2000-11-05,1,1,1,3
1174,13,1944-07-28,0000-01-01,2,99999,1,0
1278,11,1972-06-02,1986-03-08,0,1,1,4
1607,12,2001-05-23,0000-01-01,0,1,1,2
1365,1,1980-12-26,1996-07-30,2,1,0,2
1300,4,1997-02-25,2005-03-14,0,1,0,0
843,1,1999-08-11,0000-01-01,0,1,0,1
1582,11,1998-01-11,2003-06-14,0,0,1,0
4,10,1985-09-15,2014-05-30,2,0,0,3
200,4,1954-12-11,1990-01-05,0,1,1,5
1133,12,1983-05-01,2001-10-09,0,1,0,0
708,9,1957-09-23,2014-09-22,0,0,0,3
239,4,1998-02-01,1998-11-30,1,0,1,0
10,5,1975-10-07,2012-01-15,2,1,1,5
1622,3,1988-05-17,1989-12-30,1,1,1,1
802,13,1981-04-27,2009-09-08,1,0,0,4
1048,3,1973-04-08,1993-07-21,1,1,1,1
353,4,1990-08-31,1994-08-23,0,0,1,2
1299,10,1959-01-11,0000-01-01,0,1,0,1
1167,5,1989-09-16,1998-12-03,1,1,0,0
402,12,1963-05-15,0000-01-01,2,1,0,0
408,11,1800-01-01,0000-01-01,1,1,0,4
751,12,1983-07-06,2005-04-15,2,0,0,3
717,8,1959-07-12,1969-05-09,0,0,0,0
453,10,1971-06-23,0000-01-01,0,1,0,5
1138,1,1955-09-25,1976-09-25,2,0,0,1
164,6,1994-04-25,2006-04-01,0,0,1,0
845,9,1991-09-19,2020-05-26,0,0,0,2
577,4,1960-10-22,1965-04-07,1,0,1,XX
886,10,1967-05-16,1975-03-06,0,0,0,4
1587,6,1955-11-20,0000-01-01,0,0,1,3
284,6,1969-05-19,1990-11-07,2,1,0,XX
196,3,1998-02-03,2017-12-12,1,0,1,5
871,7,1947-02-26,2015-07-08,0,1,1,5
1103,13,1996-09-28,2003-11-14,1,1,0,2
1263,12,1947-12-16,1994-03-18,1,0,1,3
575,4,1940-07-16,2014-02-24,1,99999,1,3
1071,9,1960-08-17,2019-11-11,1,0,0,4
448,8,1989-09-11,2005-12-20,2,0,1,4
1192,2,1966-10-16,2002-01-27,1,0,1,1
770,7,1959-02-17,1963-10-05,1,0,1,3
753,2,1982-01-12,2014-12-18,0,0,1,1
852,2,1975-08-01,0000-01-01,2,1,0,1
1417,5,1977-06-23,2011-05-24,2,1,1,3
576,3,1993-10-23,0000-01-01,2,1,1,1
833,11,1997-09-16,2001-01-16,1,0,1,5
1012,3,1993-08-02,2001-06-27,0,0,1,2
171,2,1947-01-23,1963-10-15,1,0,1,2
86,7,1993-06-04,2003-02-16,0,0,1,2
213,13,1978-03-06,2005-05-12,0,0,0,4
429,10,1969-03-06,1972-02-01,2,0,0,0
965,4,1995-08-09,2014-08-02,0,0,1,3
193,2,1998-11-01,2008-03-30,1,0,0,4
332,4,2002-01-12,0000-01-01,2,99999,1,2
1443,5,2002-09-11,2017-10-22,0,1,1,0
50,6,1961-08-17,2016-10-11,2,0,0,2
613,12,1982-11-11,2002-12-28,2,0,0,1
812,1,1978-09-02,1986-04-30,2,1,1,3
149,10,1955-05-18,1970-11-03,2,0,1,1
914,10,1950-04-28,1988-11-28,1,0,0,0
352,5,1985-12-12,2014-10-07,1,1,1,2
839,3,1981-10-09,0000-01-01,2,1,1,0
1317,2,1957-06-17,1980-05-18,0,1,1,1
295,7,1961-02-02,1970-09-15,1,0,1,4
142,11,1980-02-09,0000-01-01,2,1,1,4
761,5,1989-11-05,2000-12-25,0,0,1,1
1423,9,1955-07-26,1996-05-31,0,0,1,2
474,3,1994-06-09,0000-01-01,1,0,1,1
1122,12,1971-12-05,0000-01-01,2,1,1,2
1603,3,1949-05-09,1980-03-11,1,0,1,3
365,9,1982-05-07,2005-02-13,1,1,1,5
687,4,1999-08-17,2014-10-15,2,0,0,1
790,10,1953-06-04,1986-06-13,1,0,1,1
119,1,1964-09-15,2004-09-11,2,1,0,3
917,7,1963-05-14,0000-01-01,2,1,0,4
1629,3,1954-08-12,2005-08-12,1,0,0,5
1159,13,1994-08-25,2014-07-15,1,1,0,0
450,7,1949-09-15,2007-08-10,2,1,0,1
556,7,1975-01-05,2005-01-25,2,1,0,0
1362,1,1984-11-06,2006-04-22,1,1,1,4
1000,9,1994-10-04,2013-08-04,2,1,0,0
615,8,1981-12-17,1992-07-03,1,99999,0,2
1170,5,1953-10-14,1985-03-20,1,0,1,4
16,13,1951-12-21,0000-01-01,2,1,0,4
1296,8,1994-11-06,2015-03-24,2,1,0,0
1411,3,1983-03-25,2003-07-31,0,1,1,1
444,12,2001-04-17,0000-01-01,0,0,1,0
1504,13,1983-01-29,2005-05-16,2,0,0,XX
501,11,1961-06-13,1993-03-25,2,0,1,0
439,13,1997-10-22,2014-09-11,0,1,0,2
932,13,1953-03-24,1998-01-29,1,1,0,4
1160,4,1997-03-23,2016-10-20,1,1,1,4
507,4,1959-12-28,2002-07-21,0,0,1,4
1153,5,1987-04-05,2005-02-22,2,0,0,4
88,11,1982-09-21,1992-06-04,0,0,1,2
1470,13,1976-04-22,1985-02-03,1,1,0,2
719,2,1940-12-19,1959-02-28,0,0,1,5
1331,4,1951-08-08,2004-10-04,2,0,0,4
1599,5,1970-03-20,1981-10-19,1,1,1,4
1186,1,1980-07-29,1999-07-30,2,1,0,1
1576,11,1983-11-25,2005-04-28,2,1,1,4
909,8,1979-05-13,1995-11-15,0,1,0,0
269,12,1941-12-03,1995-08-07,2,0,1,3
1459,7,1986-02-19,0000-01-01,1,99999,1,0
1368,5,1977-12-09,1992-08-20,1,1,1,2
1540,13,1995-09-03,2013-06-15,2,1,0,1
1450,11,1978-03-12,1993-08-30,2,1,0,2
897,13,2000-07-03,2007-04-15,2,1,0,3
987,3,1947-10-12,2001-11-01,0,0,1,3
540,3,1969-09-08,1997-12-28,0,0,1,0
692,10,2002-09-16,2009-08-30,2,1,0,5
863,8,1963-10-24,0000-01-01,2,0,0,2
816,6,1972-10-15,0000-01-01,2,1,1,3
202,5,1985-09-11,0000-01-01,1,0,0,4
481,3,1999-05-26,2010-05-05,2,1,0,5
238,8,1982-04-18,0000-01-01,0,0,0,1
1011,4,2002-07-12,0000-01-01,2,0,0,4
686,8,1985-03-18,1993-09-14,1,99999,0,4
1118,6,1800-01-01,2001-04-05,2,1,1,4
348,10,1972-04-07,1973-03-16,0,1,0,5
522,8,1950-08-07,0000-01-01,2,1,0,4
1062,7,1987-04-03,0000-01-01,2,1,1,5
9,7,1800-01-01,2000-05-28,1,0,0,4
785,7,1945-09-29,1991-04-01,1,1,1,1
176,5,1964-08-03,1986-12-09,0,0,0,3
926,5,1989-12-27,2019-12-07,2,0,1,4
1491,2,1962-01-27,1995-06-24,0,1,0,3
867,11,1951-06-24,1953-02-07,2,1,0,5
322,10,1963-02-21,1968-04-17,1,1,1,1
889,13,1942-03-07,1971-12-09,1,0,0,2
383,10,1968-01-14,1997-04-07,2,1,1,2
1391,7,1970-08-06,1992-03-12,0,0,0,1
646,10,1960-04-12,1993-11-08,1,0,1,3
490,9,1981-09-07,1997-02-22,0,0,1,2
1407,8,1969-08-02,2013-12-23,2,0,1,0
484,10,1951-05-02,2000-01-20,1,1,0,0
1529,1,1951-05-22,1988-04-16,2,1,0,1
1001,2,1998-09-19,2016-05-02,0,0,1,1
817,2,1970-12-10,2002-06-13,2,0,0,0
1596,8,1967-10-14,1998-03-25,0,1,0,0
236,1,1953-08-18,1971-01-07,1,1,0,2
718,7,1961-11-18,1989-02-01,1,1,0,0
1095,9,1985-11-07,0000-01-01,0,1,1,5
593,4,1996-03-20,1998-09-18,0,1,0,2
1373,7,1958-07-28,2011-01-16,2,1,0,4
26,3,1983-12-09,2002-01-19,0,1,1,1
720,7,1990-04-03,1991-11-05,1,0,1,0
1032,6,1971-05-12,0000-01-01,0,1,1,3
437,10,1993-09-02,2012-09-26,1,0,0,2
1119,5,1993-10-22,2013-11-02,0,1,1,4
417,5,1993-05-30,1997-07-14,2,0,1,2
13,10,1977-09-08,1993-05-30,2,0,0,2
65,6,1960-07-09,1960-08-08,2,0,0,0
1215,7,1981-01-14,2011-04-05,0,1,0,1
478,5,1993-01-24,2019-06-10,0,1,0,5
177,1,1954-09-24,1981-03-29,1,1,1,0
555,9,1971-11-03,1993-07-15,2,0,0,0
549,3,1960-06-18,0000-01-01,1,1,0,3
455,12,1988-01-25,2003-10-08,2,1,0,3
130,11,1999-03-11,2002-08-19,2,0,0,1
109,7,1953-10-22,2001-04-03,0,0,0,2
1632,12,1973-06-03,0000-01-01,1,0,1,2
978,8,1955-03-28,2019-05-20,2,0,1,1
813,12,1964-03-08,0000-01-01,2,1,1,2
436,1,2002-09-07,2003-04-21,2,1,1,2
479,1,1990-03-19,2010-01-10,0,1,1,1
1463,6,1953-04-26,0000-01-01,2,0,1,3
775,7,1993-05-16,2016-07-31,2,1,1,3
1261,10,1952-06-15,0000-01-01,2,0,1,4
963,9,1947-10-06,1953-12-02,0,1,1,4
1195,1,1977-01-14,0000-01-01,1,1,0,5
1551,8,1963-06-05,2002-07-24,2,1,0,2
19,10,1941-07-25,0000-01-01,1,1,1,3
1265,7,1993-05-03,2016-08-21,1,0,0,1
1061,5,1950-11-19,2020-10-17,2,0,1,1
984,11,1962-11-17,2009-06-15,1,0,1,XX
1318,4,1966-08-24,2011-12-28,1,0,0,3
1248,2,2002-03-13,2007-09-23,0,1,1,3
1189,8,1972-10-29,1983-12-30,2,1,1,0
1454,6,1947-06-19,1991-08-27,0,1,1,1
1213,10,1991-09-27,2008-10-07,0,1,1,2
901,10,1970-10-02,1982-01-17,2,1,1,2
1554,12,1984-03-13,0000-01-01,1,1,1,2
677,9,2001-10-25,2020-04-12,2,1,1,1
680,12,1978-05-23,2009-11-27,1,0,1,XX
1315,9,1953-05-16,1959-11-22,2,1,1,5
1092,8,1959-02-16,1996-02-02,1,0,0,0
1342,9,1957-06-06,0000-01-01,0,1,1,5
185,6,1989-06-05,2000-01-13,1,0,0,5
736,5,1944-12-22,2016-12-18,1,1,1,1
568,2,1990-07-21,1993-08-18,0,1,0,4
608,9,1983-02-10,2018-09-05,0,0,1,4
434,12,1998-04-13,2015-04-25,2,1,1,2
1326,8,1959-04-20,2002-09-08,1,1,1,0
958,2,1969-12-27,2011-10-07,1,1,0,1
438,13,1995-03-23,2006-04-15,2,0,1,4
1569,10,1994-11-25,2008-12-22,2,1,1,1
1262,5,1960-02-14,2011-04-24,2,0,1,0
759,7,1999-07-08,2016-11-01,0,1,1,1
1165,3,1944-06-20,1991-04-17,1,1,1,0
301,13,2002-11-18,2016-10-13,1,0,0,2
985,4,1963-12-11,1986-09-11,1,1,1,4
324,9,1969-02-21,0000-01-01,2,1,1,0
20,9,1976-01-08,1981-11-05,2,0,1,4
1480,2,1983-03-01,0000-01-01,0,0,1,3
1502,7,1998-10-01,0000-01-01,2,0,1,5
1182,3,1965-08-17,2015-05-18,0,0,1,3
277,7,1958-09-11,0000-01-01,0,0,1,0
1614,11,1982-11-09,2010-02-10,0,0,0,5
641,12,1989-09-17,0000-01-01,0,1,0,5
1490,9,1952-02-29,1993-04-01,1,0,1,4
389,9,1990-07-17,0000-01-01,2,1,0,3
1489,5,1970-08-23,1995-09-02,2,99999,1,0
1308,6,1950-10-21,1962-12-29,1,1,0,5
1379,3,1975-07-16,0000-01-01,1,0,0,3
61,6,1993-05-23,2016-12-06,1,1,0,5
107,8,2000-05-03,2020-03-27,1,0,0,3
1619,11,1997-09-24,2011-10-16,0,0,0,0
1399,11,1970-07-23,1996-09-19,2,1,1,5
658,11,1985-06-14,2013-12-04,0,1,1,4
1154,9,1944-08-07,0000-01-01,2,1,1,5
307,6,1984-10-17,1994-01-12,0,0,1,5
725,9,1943-12-11,1975-02-10,1,0,1,1
1295,2,1999-05-27,2008-12-01,1,1,1,1
159,11,1989-02-10,1990-04-16,2,1,0,5
175,6,1980-09-14,1984-05-22,2,0,0,1
69,5,1963-07-20,1986-11-01,1,1,1,4
1255,12,1959-01-06,1989-10-18,2,1,0,4
591,4,1979-11-24,2016-09-23,0,0,1,3
1409,8,1970-08-12,2002-02-21,2,0,1,2
1132,9,1998-03-11,0000-01-01,2,1,0,3
1430,8,1954-05-05,2012-06-05,0,1,0,0
426,11,1947-06-04,2015-06-21,1,1,0,2
1385,5,2001-01-27,0000-01-01,2,0,1,1
403,13,1954-03-21,2015-10-28,2,0,1,2
565,7,1980-12-17,0000-01-01,0,1,1,1
1078,4,1961-06-01,1984-05-28,2,0,1,4
1129,11,1974-04-04,1979-11-03,1,0,0,2
36,3,1998-12-31,0000-01-01,0,0,1,2
1323,7,1981-10-28,1995-03-23,2,0,0,3
1172,10,1979-07-10,0000-01-01,1,0,0,XX
255,3,1949-11-21,2019-12-09,2,1,0,5
1028,2,1979-06-20,2010-07-28,2,1,0,0
21,1,1949-03-02,0000-01-01,1,1,0,3
1387,8,1985-10-09,0000-01-01,0,0,1,5
1557,11,1981-02-19,1982-03-19,2,1,1,3
471,11,1990-02-07,2015-11-22,1,0,0,5
181,13,1956-07-05,0000-01-01,0,1,1,1
